1,BridalPrints,Ang tindi ng sagot ni Leni sa #PilipinasDebates! Yan ang VP! #leniismyvp #leniforvp
2,healthtrendsph,"#pilipinasdebates
#forvicepresidential
cayetano and marcos highlights
taguig vs ilocos

move on...cayetano!dont... https://t.co/oE0Apt4Opj"
3,BridalPrints,Ang tindi ng sagot ni Leni sa #PilipinasDebates! Yan ang VP! #leniismyvp #leniforvp
4,BridalPrints,Ang tindi ng sagot ni Leni sa #PilipinasDebates! Yan ang VP! #leniismyvp #leniforvp
5,iam_PAUVINCE,"the issues of: Mass Transportation, Taxes, Healthcare, Education, &amp; Corruption in this country. <ed><U+00A0><U+00BD><ed><U+00B0><U+00AF> #PiliPinasDebates https://t.co/JKzCbYwF44"
6,lifesoshorty,"For those whose watching the news just now, months ago Cayetano is licking Mar's ass to be the VP but was rejected. #PiliPinasDebates"
7,IAmMartinDee,"Our country's judicial system is like this: ""It's who you know, not what the law says."" Sadly, I know.#PilipinasDebates"
8,benjdiwa,"Nakakairita magsalita si Chiz!

#PiliPinasDebates
#VicePresidentialDebate"
9,ifmmanila,"Kamusta ang pambato mo para sa vice president sa #PilipinasDebates kahapon? O may bago ka ng natitipuang iboto, Bestfriend?"
10,judamatt,#pilipinasdebates
11,GMATrendZone,"Hindi n'yo ba napanood ang Vice Presidential Debate? May replay ito bukas, 1-3 PM sa @gmanewstv ! #PiliPinasDebates"
12,OmanOsam,Be wise in voting this coming election #PiliPinasDebates
13,dindi_tan,"Such ""grace under pressure"" and wisdom displayed by Leni will TEMPER an impending Duterte presidency.
 #CNNPhilipines  #PilipinasDebates"
14,dindi_tan,"And the ROSE AMONG THE THORNS ended so powerfully: ""May the best woman win."" May the force be with her. #PilipinasDebates"
15,dindi_tan,"NOT EVEN FIRE CAN MELT A WOMAN OF THAT STRENGTH AND FORTITUDE.  
Not even a Marcos. Period.
#CNNPhilippines  #PilipinasDebates"
16,redchalkdust,"Sharing:

DUTERTE-CAYETANO TEAM: WHAT MAKES THEM TICK... 
Or Sick 

#CNNPhilippines #PilipinasDebates https://t.co/aHPm8pQ3xa"
17,hannachrsse_,#PilipinasDebates replay. Leni Robredo. :)
18,forchristineee,Okay.. The VPs seemed to be more knowledgeable than.. Oops. Haha this debate is 'meatier' than the others #sorrynotsorry <ed><U+00A0><U+00BD><ed><U+00B9><U+0088> #PiliPinasDebates
19,iAMrodel_upd,Nakakairita 'yong analogy ng basag na plato!!! May batas nga naiimplement ba? #PiliPinasDebates
20,michaelamaxx,"Be informed not just opinionated, learn the bg of your VP bet <ed><U+00A0><U+00BC><ed><U+00B7><U+00B5><ed><U+00A0><U+00BC><ed><U+00B7><U+00AD>#ITMMakeAChoiceHaveAVoice #PiliPinasDebates @ideasmatterUST @GilGarciaVelez"
21,TristanYap,I support all BI-CHIZ #Halalan2016 #Pilipinas2016 #PilipinasDebates #CNNPH
22,iam_PAUVINCE,#PiliPinasDebates Vice Presidential Debate hosted by #CNNPhilippines I've my VP already: Leni Robredo wins! #PHVote https://t.co/EtaKuYSk1z
23,ambrose7107,@ofcaldubkoto hahaha! Oks lang yan admin :) may replay naman :) #PiliPinasDebates
24,yondits,Not able to watch #PiliPinasDebates because I can only handle one distraction(#PacBradley) today because gradschool duties. <ed><U+00A0><U+00BD><ed><U+00B2><U+0094>#stillwriting <ed><U+00A0><U+00BD><ed><U+00B8><U+00AB>
25,lilyviolet2nd,I wonder how chiz talks to heart...monotone din kaya?..  #pilipinasdebates
26,meagan_alegado,"Naisip ko lang, ba't ganun magsalita si Chiz? LOL. #pilipinasdebates #ducay #alanismyvp"
27,smndjs,Parang robot talaga magsalita si Chiz naaasar ako hahahaha #PiliPinasDebates
28,junvelish,yes yangita ako kuman nan replay #PiliPinasDebates
29,ambrose7107,@cgfrayco Emeged *himatay* #PiliPinasDebates
30,junvelish,inin si Chiz kay mudan gipan memorized tanan iya gipanlaong #PiliPinasDebates
31,GMA_PA,"Hindi n'yo ba napanood ang Vice Presidential Debate? May replay ito bukas, 1-3 PM sa @gmanewstv ! #PiliPinasDebates https://t.co/CsAqHb9f0l"
32,cirnohjNaquila,"#PilipinasDebates
go go go
@DuterteCayetano"
33,divinapnls,I wonder kung ganun din ba ang ginagamit na boses ni Chiz kapag kausap nya si Heart? #PiliPinasDebates
34,angela_lagunzad,APC was the newsmaker during the #vpdebate but still will vote for Leni #pilipinasdebates
35,divinapnls,#teamreplay #PiliPinasDebates #VP
36,jillcabatbat,"While some people apologise for wrongdoings of their ancestors, this man cannot for his father's. #PiliPinasDebates https://t.co/nYVwruKjAB"
37,ambrose7107,"@cgfrayco @cnnphilippines @iampinkywebb @piahontiveros teka, candidates ba? Yes better than presidentials. :D #PiliPinasDebates #SPSWapak"
38,Gelliezzzle,Gusto ko makapanood ng #PilipinasDebates kahit sa huling pagkakataon lang <ed><U+00A0><U+00BD><ed><U+00B8><U+008C>
39,vidaboadicea,#LeniIsMyVP #PiliPinasDebates https://t.co/S1CghLkg7t
40,jimsonsulit,Oops. #LabanLeni #PiliPinasDebates https://t.co/yCPTLl7zQp
41,ambrose7107,Tapos na ang #PiliPinasDebates balik aldub tweets hehe #SPSWapak
42,vidaboadicea,#LeniIsMyVP #PiliPinasDebates https://t.co/jkbb58916y
43,FernandoD3rd,"Lahat bago ang sarili.
#PiliPinasDebates"
44,adriaticnyx,WHAT CHANNEL PLS #PilipinasDebates
45,deguzmanchad,Heart Evangelista on VP #PilipinasDebates: 'Nakakastress' #BilangPilipino https://t.co/tyN2RvNjmD
46,dleni,"Post-debate analysis: Now mentioning Tacloban 
#Pilipinasdebates"
47,raielalvaro,"Leni is very firm on what she believes in. She has concrete plans. Indeed, may the best woman win! #LeniIsMyVP #LabanLeni #PiliPinasDebates"
48,kinoescolano,Lumipat na pala sa CNN Philippines sina Pia Hontiveros at Pinky Webb. #PiliPinasDebates
49,camilleloraine,A leader that looks at the future and not with the past. Very well said #VPMarcos #PilipinasDebates #BBM #Marcos <ed><U+00A0><U+00BD><ed><U+00B1><U+008A><ed><U+00A0><U+00BC><ed><U+00BF><U+00BC><ed><U+00A0><U+00BD><ed><U+00B1><U+008A><ed><U+00A0><U+00BC><ed><U+00BF><U+00BC><ed><U+00A0><U+00BD><ed><U+00B1><U+008A><ed><U+00A0><U+00BC><ed><U+00BF><U+00BC>
50,tokensoutherner,Leni Robredo &gt; Grace Poe... in so many ways. #MayTheBestWomanWin #PiliPinasDebates
51,followEdward,"Belligerent! <ed><U+00A0><U+00BD><ed><U+00B8><U+00A8>
#nosebleed #PiliPinasDebate2016 #PilipinasDebates #BBM"
52,AbanteNews,"Robredo: Isa po akong ina, hindi ko po pababayaan ang aking mga anak, ang aking mga kababayan.
#PiliPinasDebates #AbanteHalalan2016"
53,shootsomefar,"Haaay, ang gulo, ang saya. Ang haba lang ah, wala pang sinaing! #LOL
.
#PilipinasDebates #Eleksyon2016"
54,aceevitangcol,"GOOD JOB, PINKY WEBB, PIA HONTIVEROS, CNN PHILIPPINES. GALING! #PiliPinasDebates"
55,ambrose7107,Thank you @cnnphilippines @iampinkywebb @piahontiveros et al. #PiliPinasDebates
56,PTVph,#PiliPinasDebates VP LEG: Ang kailangan po natin ay isang Vice President na buo ang tapang. - Sen Trillanes.
57,AbanteNews,"Robredo: Isa po akong ina, hindi ko po pababayaan ang aking mga anak, ang aking mga kababayan. #PiliPinasDebates #AbanteHalalan2016"
58,erlmizlai,Well said Sen. Escudero. #PiliPinasDebates humble forevs
59,_knowwell,"""Excited na akong manalo, para sa mga kababayan nating umaasa."" #LeniIsMyVP #PiliPinasDebates"
60,PTVph,#PiliPinasDebates VP LEG: Maliwanag na ang dahilan kung bakit ako narito ngayon. Buong buhay ko ay paghahanda.... https://t.co/z2p13xf3fT
61,ElleInfaaante,Unite not to divide. Look to the future not to the past. Sabay sabay humaharap sa kinabukasan -Sen Marcos #PiliPinasDebates @ideasmatterUST
62,ronneldc8,SOLID BBM! #BBM #PiliPinasDebates
63,PTVph,#PiliPinasDebates VP LEG: What the country needs now are new leaders. - Sen Marcos
64,mjepvillanueva,Go go go! #BBM4VP 2016 @CNN philippines #pilipinasdebates 2016 for vice presidentiables
65,0TENG,Who's coughing deliberately near the camera? In disagreement to the speaker? #PiliPinasDebates
66,PTVph,#PiliPinasDebates VP LEG: Hindi natin puwede hiwalayin ang bansa sa ating pamilya. - Sen Honasan
67,seejayegrc,Chiz tama na papogi pwede? -.- #PiliPinasDebates
68,PTVph,#PiliPinasDebates VP LEG: Sa dulo ang halalan ay tungkol sa inyo. - Sen Escudero
69,PTVph,"#PiliPinasDebates VP LEG: Nais ng Pilipinas na walang korupsyon, krimen at droga.  Yaan po ang gusto namin gawin... https://t.co/IEIRq2bJBq"
70,PTVph,#PiliPinasDebates VP LEG: why should the Filipinos vote for you?
71,PTVph,#PiliPinasDebates VP LEG: Gusto ko magfocus sa informal settlers. - Rep. Robredo
72,PTVph,#PiliPinasDebates VP LEG: Hihingin ko po na ako ang magpatakbo ng DOLE kasi marami ang matutulungan. - Sen Marcos
73,telecasterdream,Ang bilis mo manay Leni lol. #PilipinasDebates
74,malasakitpinas,#MalasakitKontraPasakit Cayetano: I don't need a cabinet position just let me make sure that our plans will be delivered. #PiliPinasDebates…
75,PTVph,#PiliPinasDebates VP LEG: Hindi dapat tignan na spare ang position ng Vice President - Sen Escudero
76,ambrose7107,@keiostheory Telecommuncation companies competition in a Monopoly way. Haha #PiliPinasDebates
77,PTVph,#PiliPinasDebates VP LEG: Agenda setter - bastonero. I Don't need a cabinet position. I never looked at any... https://t.co/GIFKPwowOq
78,JandellG,"Dear Trillanes, please spare our country. 

#PiliPinasDebates  https://t.co/zyp2anxhyg"
79,shootsomefar,"Cayetano: No plan to run for the presidency... for now. 
.
Well, try mo muna ipanalo ang VP. Good luck.
.
#PilipinasDebates #Eleksyon2016"
80,PTVph,"#PiliPinasDebates VP LEG: Nais ko maging DILG secretary para matutukan ang peace and order, best practices in LGUs. - Sen Trillanes"
81,chinchinsntg,Cayetano and everybody else caught flip-flopping on that presidential ambition question. #PiliPinasDebates
82,PTVph,#PiliPinasDebates VP LEG: Only Sen Trillanes refused to answer the question on any plans to run for the... https://t.co/Ql8GXOfsT7
83,PTVph,#PiliPinasDebates VP LEG: Ano man relasyon na ugnayan sa Pilipinas at America dapat pantay - o on equal footing.... https://t.co/I50uk9z90W
84,Inocenc1Maurice,@leahcadag #PiliPinasDebates https://t.co/cgGbUSfyoc
85,ambrose7107,"@keiostheory yes. See, katulad natin ang internet speed ng afgha. Nakakahiya. Haha. Hindi excuse ang pagigng archipelago #PiliPinasDebates"
86,PTVph,#PiliPinasDebates VP LEG: i have no interest in waging war against any country. - Sen Marcos
87,greyhayden,Bakit super extra crispy kulay ni Bongbong ngayon? Nasusunog na... #pilipinasdebates
88,PTVph,#PiliPinasDebates VP LEG: We are doing what is for our nation's interest and not for washington nor beijing. - Sen Marcos
89,PTVph,#PiliPinasDebates VP LEG: What is your message to the next US President?
90,PTVph,"#PiliPinasDebates VP LEG: Dahan-dahan dapat paigtingin ang partnership with ASEAN, Japan and Korea.  dapat hindi... https://t.co/0VTnIdkRic"
91,PTVph,#PiliPinasDebates VP LEG: Sang-ayon ako sa ginawa na naayon sa UNCLOS. Kailangan din palakasin ang military.... https://t.co/07pgXHdpQP
92,PTVph,#PiliPinasDebates VP LEG: How would you deal with South China issue?
93,PTVph,#PiliPinasDebates VP LEG: Final stretch - foreign policy
94,johansalarda,Parang si Cayetano yung klasmeyt kong gumagawa ng mga assignments ng mga bully para hindi mabully. #DiaryOfAWimpyKid #PilipinasDebates
95,EJ_Cubero,"Sigurado kaba sa fiber optics na yan CHIZ? Panindigan mo yan! <ed><U+00AE><U+00B8><ed><U+00BC><U+00B4><ed><U+00AE><U+00B8><ed><U+00BC><U+00B4><ed><U+00AE><U+00B8><ed><U+00BC><U+00B4>
#PilipinasDebates — watching CNN Philippines"
96,PTVph,#PiliPinasDebates VP LEG: All Vice Presidentiables believe TelCos should be held accountable for what they are supposed to be delivering.
97,PTVph,#PiliPinasDebates VP LEG: Ang NTC hindi pa binibigay pa ang bndwidth at frequency.  Anim na taon na ang... https://t.co/homPHkFL0C
98,PTVph,#PiliPinasDebates VP LEG: I-rationalize natin ang foreign component. Single platform para maregulate. - Sen Honasan
99,ambrose7107,"Electronic communication systems/equipments r too costly - iilan lang ang local manufacturers (semicon, et al.) natin dito #PiliPinasDebates"
100,PTVph,"#PiliPinasDebates VP LEG: Kapag mabilis ang internet sa Pilipinas, hindi na kayo tatawag at magtetext. Maglalatag... https://t.co/qcwxjNqChi"
101,PTVph,"#PiliPinasDebates VP LEG: Pag hawak ng funders ang politiko, wala kayong asensyo. - Sen Cayetano"
102,jrmntrrl,Pag lang walang nabago sa Internet na yan aynako kayo ha' #PilipinasDebates
103,iamTRVR,Watching #PiliPinasDebates
104,PTVph,#PiliPinasDebates VP LEG: Kailangan natin ang NTC na may free market concept. - Sen Trillanes
105,PTVph,#PiliPinasDebates VP LEG: Lack of regulation. Lack of competition. Lack infrastructure. - Rep. Robredo
106,daniellemxm,Oh good good usapang internet #PiliPinasDebates
107,PTVph,#PiliPinasDebates VP LEG: moving on to internet connectivity (slow and expensive)
108,PTVph,#PiliPinasDebates VP LEG is top topic worldwide. https://t.co/KQdSw4960T
109,immaolayan,Please audience. Nanood kami hindi para marinig ang mga boo niyo. #PiliPinasDebates https://t.co/Bq9X0XZVUg
110,IamEcatina,"like eu trains. transcontinental platforms are the best. 

. Luz-viz-min train stations #PiliPinasDebates  https://t.co/wr7mCgRTyo"
111,ambrose7107,Slow clap for these two gorgeous ladies @iampinkywebb and @piahontiveros :* #PiliPinasDebates
112,maria_ressa,Real-time results: Senti analysis @rapplerdotcom https://t.co/6BaRrIutsM How do people feel about VP candidates? #PHVote #PiliPinasDebates
113,HRHPRINCENAP,Sen. Escudero rhetoric king. #pilipinasdebates
114,Pattatouie,OMG!!! interne! #PilipinasDebates
115,PTVph,#PiliPinasDebates VP LEG: We must stop politicising land use. - Sen Honasan
116,PTVph,#PiliPinasDebates VP LEG: All Vice Presidentiables agree to fight for lower income tax
117,ronneldc8,Jusko Chiz! Baka naman magtaka ka pa kung bababa ang rank mo 7a mga surveys ha! #PiliPinasDebates #BBM
118,melancholeolist,"Despite Marcos' past, I still salute him on being prepared for each question about his fam. //even if he's getting roasted #PiliPinasDebates"
119,PTVph,#PiliPinasDebates VP LEG:nandiyan lahat ng plano pero hindi pinapatupad. - Sen Escudero.
120,MsNissiBollong,#PilipinasDebates
121,PTVph,"#PiliPinasDebates VP LEG: Railway transport system, bus rapid transport system. - Rep. Robredo"
122,domarjosh,Filed 152 bills filed and co-authored and 9 passed into law within 3 years? Only LENI ROBREDO! #LeniIsMyVP #PiliPinasDebates
123,PTVph,#PiliPinasDebates VP LEG: Development and modernization of railway system. - Sen Trillanes.
124,THISisDGameO,Why can't we have the common tao to enagage our politicians in vice/presidential debates instead of known personalities? #PilipinasDebates
125,ambrose7107,Mas alam ni Leni ang Realidad. #PiliPinasDebates
126,daniellemxm,Sorry but Marcos really have a point!!!! #PilIPinasDebates
127,MissLogro,"Hala, intense! #PilipinasDebates #VicePresidentialDebate #CNNPhilippines"
128,PTVph,"#PiliPinasDebates VP LEG: Ilabas ang mga tanggapan, at negosyo (mula sa metro Manila) para maging solusyon sa decongestion. - Sen Marcos"
129,marcmalibiran,Bagay pala si Chiz mag report ng horoscope. #ZenaidaSeva #PilipinasDebates https://t.co/vy2o9WSZXf
130,daniellemxm,"Bagay talagang partners si Poe at Escudero, matalinhaga magsalita!! #PiliPinasDebates"
131,PTVph,#PiliPinasDebates VP LEG: Idadag ko: dapat simulan sa liderato sa DOTC. Tanggalin si Sec Abaya. Maging istrikto... https://t.co/pVlEedHGTz
132,daniellemxm,Cayetano puro ka Davao di ka naman naging leader or something dun. At nagkukwento ka pa?! Debate to hindi story telling #PiliPinasDebates
133,ardeepineda,There was an article in @inquirerdotnet that Mr.Habito wrote about traffic decongestion. The candidates better read that #PiliPinasDebates
134,PTVph,#PiliPinasDebates VP LEG: Ang mga plano nila nasa JICA at other master plan na hindi pa nagagawa. - Sen Cayetano
135,deguzmanchad,EARLIER: Anti-Marcos hecklers escorted out of #PilipinasDebates hall. | by @bernard_tv5 #BilangPilipino https://t.co/XN3XAGebWN
136,PTVph,#PiliPinasDebates VP LEG: Ilipat ang Kapitolyo sa Pampanga o Nueva Ecija. Nagawa na ito sa Malaysia para... https://t.co/kKdPMFbwtr
137,meagan_alegado,Alan's killing it! #pilipinasdebates #ducay
138,daniellemxm,Ganda ng sagot ni Marcos!!! #PiliPinasDebates
139,PTVph,#PiliPinasDebates VP LEG: Ayusin ang mass transport system. Drivers dapat de sahod na. Ayusin ang PNR.... https://t.co/TGR5qa5GlM
140,isaavendanoDZIQ,"Hindi pa man tapos ang #PiliPinasDebates 2016 ng mga VP candidate, KUDOS sa @cnnphilippines! Ang linis, maayos ang debate!"
141,JULESguiang,Straight from the son of the dictator. #BBM lol #PiliPinasDebates https://t.co/33YaqFHwv1
142,PTVph,#PiliPinasDebates VP LEG: We must decongest the city (Metro Manila). - Sen Marcos
143,shootsomefar,"Kapag turn na ni Honasan or Trillanes magsalita, para na ring may commercial break. #LOL
.
#PilipinasDebates #Eleksyon2016"
144,PTVph,#PiliPinasDebates VP LEG: Bawasan ang sasakyan sa kalsada. Pagandahin ang public transport system - Sen. Marcos
145,PTVph,#PiliPinasDebates VP LEG: Land-use planning. Systematic long-term planning. Holistic approach. - Sen Honasan
146,PTVph,#PiliPinasDebates VP LEG: moving on to crippling traffic
147,1059_BalitaFM,"Trillianes said it is not true there is no crime in Davao and in Taguig.
#PilipinasDebates"
148,Shehshe21,Ang gagaling nila sumagot ah. Clap clap!<ed><U+00A0><U+00BD><ed><U+00B1><U+008F> #PiliPinasDebates #VicePresidentialDebates
149,ambrose7107,@lomi_pugo I ship AlMar bitter couple at nagmamaasim. #PiliPinasDebates
150,ambrose7107,Aldub tvAd during cnn's VP debate . Enebe. #PiliPinasDebates
151,PTVph,#PiliPinasDebates VP LEG: All Vice Presidentiables agree to push measure on Climate Change
152,ejgpajaro,Punyemas lang talaga kasi yung Dec. 31 deadline. Kasi it's impossible to turn a country into a utopia w/ zero crime rate. #PiliPinasDebates
153,PTVph,#PiliPinasDebates VP LEG: Sinabi niya yun sa harap ng mga ilocano and he is being playful. Hindi ko tatanggapin yan. - Sen Cayetano
154,mohdsarj1,Medyo na-burn ni Marcos si Cayetano dun. #PiliPinasDebates
155,ambrose7107,Chameleon #PiliPinasDebates
156,eyreaffairs,It's like watching The OC on acid. #PiliPinasDebates
157,kyflo,WTF Alan? Mukhang tanggal na siya sa choices ko. #PiliPinasDebates
158,vidaboadicea,What is needed are counter poverty measures? #LeniIsMyVP #PilipinasDebates https://t.co/5FaZ635nCk
159,theresagumisad,kainit sa debate oy! #PilipinasDebates
160,PTVph,"#PiliPinasDebates VP LEG: Kapag hindi naresolve ang krimen in 6 months, ang sinabi ni Mayor Duterte ibibigay niya... https://t.co/BZpshpu5eJ"
161,biktorcholo,"Nice one Sen. Bong

#PILIPinasDebates"
162,1059_BalitaFM,"Trillanes does not believe Duterte-Cayetano can suppress crime in 3 to 6 months. 
#PilipinasDebates"
163,imsexyheart,"Anong channel po #pilipinasdebates ?? 
Just asking, i have no idea<ed><U+00AE><U+00B8><ed><U+00BC><U+00B5> anyone??
Pasensiya na at now lang may time mag watch ng tv<ed><U+00AE><U+00B8><ed><U+00BC><U+00B0><ed><U+00AE><U+00B8><ed><U+00BC><U+00B0>"
164,anthonyrbls02,Tibay ni Cayetano. Magsabi daw yung iba ng plano. E ano muna plano ninyo? Haha #PiliPinasDebates
165,gewaaaard,"Bakit puro ""Mayor Duterte"" tong si Cayetano? Ano nakadepende nalang? #PilipinasDebates"
166,PTVph,#PiliPinasDebates VP LEG: It is not fair.  Hindi totoo na walang krimen sa Davao at Taguig. - Sen Trillanes
167,PTVph,#PiliPinasDebates VP LEG: The simple reason why hindi completely suppressed ang crime dahil hindi Presidente si... https://t.co/b2fL9NbjPj
168,g3cafe,Can i just also say na ang clazz ng mga moderators and the candidates pero ang J.Logs ng audience. Az in. #PiliPinasDebates @cnnphilippines
169,ambrose7107,"No permanent friends, No permanent enemies :) #PiliPinasDebates"
170,PTVph,#PiliPinasDebates VP LEG: Malapit na sana ako maniwala kay Sen. Cayetano - kung naayos lang ni Mayor Duterte ang... https://t.co/mR09wHDTKk
171,RJayeologist,"Nakakatakot ka Alan. You call that strategic plan, really? #PiliPinasDebates"
172,FaderogayaRyan,"#halalan2016 #PHVoteDuterte #CayetanoVPko #PiliPinasDebates2016 #PHVote #PiliPinasDebates
 https://t.co/6HI64dbJiq"
173,FaderogayaRyan,"#halalan2016 #PHVoteDuterte #CayetanoVPko #PiliPinasDebates2016 #PHVote #PiliPinasDebates
 https://t.co/i4Kmo5mjqi"
174,PTVph,"#PiliPinasDebates VP LEG: We have a strategic plan but without the leadership, it won't happen. - Sen Cayetano"
175,FaderogayaRyan,"#halalan2016 #PHVoteDuterte #CayetanoVPko #PiliPinasDebates2016 #PHVote #PiliPinasDebates
 https://t.co/tXaUVniw7U"
176,FaderogayaRyan,"#halalan2016 #PHVoteDuterte #CayetanoVPko #PiliPinasDebates2016 #PHVote #PiliPinasDebates
 https://t.co/V0mQXn1zNo"
177,ambrose7107,"I agree to Honasan's ""...Know the root cause..."" #PiliPinasDebates"
178,FaderogayaRyan,"#halalan2016 #PHVoteDuterte #CayetanoVPko #PiliPinasDebates2016 #PHVote #PiliPinasDebates
 https://t.co/tPmdf1kXPM"
179,FaderogayaRyan,"#halalan2016 #PHVoteDuterte #CayetanoVPko #PiliPinasDebates2016 #PHVote #PiliPinasDebates
 https://t.co/ozr91zy478"
180,chinchinsntg,"Lena needs to answer now. People love mic hogs. It’s not noble, but she needs this. #PiliPinasDebates"
181,FaderogayaRyan,"#halalan2016 #PHVoteDuterte #CayetanoVPko #PiliPinasDebates2016 #PHVote #PiliPinasDebates
 https://t.co/5az2IYhPQF"
182,FaderogayaRyan,"#halalan2016 #PHVoteDuterte #CayetanoVPko #PiliPinasDebates2016 #PHVote #PiliPinasDebates
 https://t.co/O3iitVa0nk"
183,PTVph,#PiliPinasDebates VP LEG: moving on to criminality
184,FaderogayaRyan,"#halalan2016 #PHVoteDuterte #CayetanoVPko #PiliPinasDebates2016 #PHVote #PiliPinasDebates
 https://t.co/jgwI6A2hpl"
185,kimcarlovicenc3,"Chiz Escudero Transformed into Boy Abunda! <ed><U+00A0><U+00BD><ed><U+00B8><U+0082><ed><U+00A0><U+00BD><ed><U+00B8><U+0082>
#PilipinasDebates"
186,FaderogayaRyan,"#halalan2016 #PHVoteDuterte #CayetanoVPko #PiliPinasDebates2016 #PHVote #PiliPinasDebates
 https://t.co/FgyCwv32ni"
187,FaderogayaRyan,"#halalan2016 #PHVoteDuterte #CayetanoVPko #PiliPinasDebates2016 #PHVote #PiliPinasDebates
 https://t.co/lxyYaNU2oM"
188,FaderogayaRyan,"#halalan2016 #PHVoteDuterte #CayetanoVPko #PiliPinasDebates2016 #PHVote #PiliPinasDebates
 https://t.co/6mR1WYTGTH"
189,FaderogayaRyan,"#halalan2016 #PHVoteDuterte #CayetanoVPko #PiliPinasDebates2016 #PHVote #PiliPinasDebates
 https://t.co/NCCGJSJ1BX"
190,FaderogayaRyan,"#halalan2016 #PHVoteDuterte #CayetanoVPko #PiliPinasDebates2016 #PHVote #PiliPinasDebates
 https://t.co/0u5UOIfZho"
191,FaderogayaRyan,"#halalan2016 #PHVoteDuterte #CayetanoVPko #PiliPinasDebates2016 #PHVote #PiliPinasDebates
 https://t.co/uGHxTL9IGs"
192,FaderogayaRyan,"#halalan2016 #PHVoteDuterte #CayetanoVPko #PiliPinasDebates2016 #PHVote #PiliPinasDebates
 https://t.co/P2mJ7YiaG7"
193,FaderogayaRyan,"#halalan2016 #PHVoteDuterte #CayetanoVPko #PiliPinasDebates2016 #PHVote #PiliPinasDebates
 https://t.co/ETTMlqbmTJ"
194,FaderogayaRyan,"#halalan2016 #PHVoteDuterte #CayetanoVPko #PiliPinasDebates2016 #PHVote #PiliPinasDebates
 https://t.co/5vTEAVHKj6"
195,chinchinsntg,#LeniIsMyVP is for equality. #PiliPinasDebates  https://t.co/gGdLrpumdp
196,FaderogayaRyan,"#halalan2016 #PHVoteDuterte #CayetanoVPko #PiliPinasDebates2016 #PHVote #PiliPinasDebates
 https://t.co/iIDrCMVFXC"
197,PTVph,#PiliPinasDebates VP LEG: I refuse to touch on the recent deaths of the soldiers (Saturday encounter) because... https://t.co/jZzVzD6Ble
198,FaderogayaRyan,"#halalan2016 #PHVoteDuterte #CayetanoVPko #PiliPinasDebates2016 #PHVote #PiliPinasDebates
 https://t.co/qae9Lx37ny"
199,Shinitch_LOVE,"Bakit ganon mag salita si Chiz? Hahahaha. Parang robot. Hahahaha!
#PilipinasDebates"
200,FaderogayaRyan,"#halalan2016 #PHVoteDuterte #CayetanoVPko #PiliPinasDebates2016 #PHVote #PiliPinasDebates
 https://t.co/vYdOzdYg9v"
201,maria_ressa,Watch LIVE - Cayetano: Federalism can bring peace to Mindanao via @rapplerdotcom https://t.co/iP2eKGFIng #PHVote #PiliPinasDebates
202,PTVph,"#PiliPinasDebates VP LEG: kahirapan ang ugat ng rebelyon, krimen. - Sen Escudero"
203,FaderogayaRyan,"#halalan2016 #PHVoteDuterte #CayetanoVPko #PiliPinasDebates2016 #PHVote #PiliPinasDebates
 https://t.co/Cp0DcKueW7"
204,FaderogayaRyan,"#halalan2016 #PHVoteDuterte #CayetanoVPko #PiliPinasDebates2016 #PHVote #PiliPinasDebates
 https://t.co/Xc56YiI6mS"
205,FaderogayaRyan,"#halalan2016 #PHVoteDuterte #CayetanoVPko #PiliPinasDebates2016 #PHVote #PiliPinasDebates
 https://t.co/YHAYOfrGsL"
206,PIANewsDesk,#PiliPinasDebates Question: How do you propose to achieve lasting peace in Mindanao? #HealthyNation https://t.co/XZadGRpCCb
207,PTVph,#PiliPinasDebates VP LEG: Continue peace process.  Yung BBL ay hindi solusyon sa kapayaan. Kailangan ang mga sector ay kasama. - Sen Marcos
208,FaderogayaRyan,"#halalan2016 #PHVoteDuterte #CayetanoVPko #PiliPinasDebates2016 #PHVote #PiliPinasDebates
 https://t.co/6sEGldNvs5"
209,FaderogayaRyan,"#halalan2016 #PHVoteDuterte #CayetanoVPko #PiliPinasDebates2016 #PHVote #PiliPinasDebates
 https://t.co/3ncnxZ38Lh"
210,ambrose7107,Federalism? - very Western... #PiliPinasDebates
211,FaderogayaRyan,"#halalan2016 #PHVoteDuterte #CayetanoVPko #PiliPinasDebates2016 #PHVote #PiliPinasDebates
 https://t.co/1FCQEQoii6"
212,FaderogayaRyan,"#halalan2016 #PHVoteDuterte #CayetanoVPko #PiliPinasDebates2016 #PHVote #PiliPinasDebates
 https://t.co/sgdwXANYIX"
213,PTVph,#PiliPinasDebates VP LEG: Ang problema sa Mindanao ay problema ng poverty at historical injustice. Nothing short... https://t.co/EQFFaaJHgS
214,FaderogayaRyan,"#halalan2016 #PHVoteDuterte #CayetanoVPko #PiliPinasDebates2016 #PHVote #PiliPinasDebates
 https://t.co/EYuP4yrqr0"
215,kimcarlovicenc3,"Cayetano to marcos ""pati ba naman oras ko nanakawin mo!"" Ang hard nya hahaha
#pilipinasdebates"
216,FaderogayaRyan,"#halalan2016 #PHVoteDuterte #CayetanoVPko #PiliPinasDebates2016 #PHVote #PiliPinasDebates
 https://t.co/ywGpCvDU4C"
217,rexvillavelez,"Is it just me, or CNN Philippines is doing a way better job in handling the VP debates than TV 5?

#Pilipinasdebates"
218,FaderogayaRyan,"#halalan2016 #PHVoteDuterte #CayetanoVPko #PiliPinasDebates2016 #PHVote #PiliPinasDebates
 https://t.co/NgGjNAaSU4"
219,FaderogayaRyan,"#halalan2016 #PHVoteDuterte #CayetanoVPko #PiliPinasDebates2016 #PHVote #PiliPinasDebates
 https://t.co/CIsB8jQm2G"
220,Aglaecaaa,"Kung matagal mo ng alam yang mga dumi sa pulitika Sen Cayetano,dapat hindi mo sinisiwalat ngayon nilinis mo na dapat NOON. #PiliPinasDebates"
221,PTVph,#PiliPinasDebates VP LEG: The only way is to go back to the negotiating table. Ang BBL ay hindi puwede kasi... https://t.co/EcaEzsBHlU
222,FaderogayaRyan,"#halalan2016 #PHVoteDuterte #CayetanoVPko #PiliPinasDebates2016 #PHVote #PiliPinasDebates
 https://t.co/7LKQYUUG8b"
223,FaderogayaRyan,"#halalan2016 #PHVoteDuterte #CayetanoVPko #PiliPinasDebates2016 #PHVote #PiliPinasDebates
 https://t.co/4bJpEPCxGw"
224,FaderogayaRyan,"#halalan2016 #PHVoteDuterte #CayetanoVPko #PiliPinasDebates2016 #PHVote #PiliPinasDebates
 https://t.co/Vz2ZpJPN4p"
225,FaderogayaRyan,"#halalan2016 #PHVoteDuterte #CayetanoVPko #PiliPinasDebates2016 #PHVote #PiliPinasDebates
 https://t.co/1byaMSbZf3"
226,PTVph,#PiliPinasDebates VP LEG: how do you propose lasting peace in Mindanao?
227,sailawei,"I have to admit, this debate wouldn't be half as interesting if BBM wasn't on board. #PiliPinasDebates"
228,FaderogayaRyan,"#halalan2016 #PHVoteDuterte #CayetanoVPko #PiliPinasDebates2016 #PHVote #PiliPinasDebates
 https://t.co/REizNSCHqB"
229,PTVph,#PiliPinasDebates VP LEG: moving on to Peace and Security
230,fanstatic,"Hindi naman kasi same sex marriage ang gusto na mga taga LGBT, Kundi civil union lang #PiliPinasDebates"
231,potsofrice,recently at the Cebu leg of the #PilipinasDebates he SILENCED Martial Law protesters near UP-Cebu. so really..............
232,FaderogayaRyan,"#halalan2016 #PHVoteDuterte #CayetanoVPko #PiliPinasDebates2016 #PHVote #PiliPinasDebates
 https://t.co/4AatZ2xQE2"
233,FaderogayaRyan,"#halalan2016 #PHVoteDuterte #CayetanoVPko #PiliPinasDebates2016 #PHVote #PiliPinasDebates
 https://t.co/mhSsBUyDXp"
234,FaderogayaRyan,"#halalan2016 #PHVoteDuterte #CayetanoVPko #PiliPinasDebates2016 #PHVote #PiliPinasDebates
 https://t.co/ZLUgWp8e3k"
235,FaderogayaRyan,"#halalan2016 #PHVoteDuterte #CayetanoVPko #PiliPinasDebates2016 #PHVote #PiliPinasDebates
 https://t.co/keK6keumBP"
236,FaderogayaRyan,"#halalan2016 #PHVoteDuterte #CayetanoVPko #PiliPinasDebates2016 #PHVote #PiliPinasDebates
 https://t.co/XC0iOQhUg5"
237,FaderogayaRyan,"#halalan2016 #PHVoteDuterte #CayetanoVPko #PiliPinasDebates2016 #PHVote #PiliPinasDebates
 https://t.co/LaaCUNoH1E"
238,Bobbysrealwife,"Its not right to blame the son. 
Tama naman 
 Ferdinand Marcos accomplished a massive increase in tourism rates before

#PilipinasDebates"
239,FaderogayaRyan,"#halalan2016 #PHVoteDuterte #CayetanoVPko #PiliPinasDebates2016 #PHVote #PiliPinasDebates
 https://t.co/lJHaK2EV9S"
240,FaderogayaRyan,"#halalan2016 #PHVoteDuterte #CayetanoVPko #PiliPinasDebates2016 #PHVote #PiliPinasDebates
 https://t.co/Qqx2KEuHTG"
241,FaderogayaRyan,"#halalan2016 #PHVoteDuterte #CayetanoVPko #PiliPinasDebates2016 #PHVote #PiliPinasDebates
 https://t.co/l88rTFcccZ"
242,FaderogayaRyan,"#halalan2016 #PHVoteDuterte #CayetanoVPko #PiliPinasDebates2016 #PHVote #PiliPinasDebates
 https://t.co/BWlFQNBxuY"
243,FaderogayaRyan,"#halalan2016 #PHVoteDuterte #CayetanoVPko #PiliPinasDebates2016 #PHVote #PiliPinasDebates
 https://t.co/RR8gDqfrQE"
244,FaderogayaRyan,"#halalan2016 #PHVoteDuterte #CayetanoVPko #PiliPinasDebates2016 #PHVote #PiliPinasDebates
 https://t.co/9IZK3nJUUU"
245,FaderogayaRyan,"#halalan2016 #PHVoteDuterte #CayetanoVPko #PiliPinasDebates2016 #PHVote #PiliPinasDebates
 https://t.co/taJNF22yya"
246,FaderogayaRyan,"#halalan2016 #PHVoteDuterte #CayetanoVPko #PiliPinasDebates2016 #PHVote #PiliPinasDebates
 https://t.co/cmSOmbgoLs"
247,FaderogayaRyan,"#halalan2016 #PHVoteDuterte #CayetanoVPko #PiliPinasDebates2016 #PHVote #PiliPinasDebates
 https://t.co/HroUphXOjr"
248,FaderogayaRyan,"#halalan2016 #PHVoteDuterte #CayetanoVPko #PiliPinasDebates2016 #PHVote #PiliPinasDebates
 https://t.co/Mh8DIMeWqd"
249,FaderogayaRyan,"#halalan2016 #PHVoteDuterte #CayetanoVPko #PiliPinasDebates2016 #PHVote #PiliPinasDebates
 https://t.co/DQ7B6EN05C"
250,diversityph,"Please explain the difference between same-sex MARRIAGE and CIVIL UNION
#LGBTvotePH #juanvote #PiliPinasDebates #PHvote"
251,briantenorio,"Please explain the difference between same-sex MARRIAGE and CIVIL UNION
#LGBTvotePH #juanvote #PiliPinasDebates #PHvote"
252,FaderogayaRyan,"#halalan2016 #PHVoteDuterte #CayetanoVPko #PiliPinasDebates2016 #PHVote #PiliPinasDebates
 https://t.co/NjlyUuictn"
253,FaderogayaRyan,"#halalan2016 #PHVoteDuterte #CayetanoVPko #PiliPinasDebates2016 #PHVote #PiliPinasDebates
 https://t.co/Bb0X3YnqYD"
254,Jhomzswagger,Eto na ang pinaka-hihintay ko! Issue about SAME SEX MARRIAGE. WAHAHAHA! #PilipinasDebates #VicePresidentialDebates2016 <ed><U+00AE><U+00BA><ed><U+00BE><U+0096><ed><U+00AE><U+00BA><ed><U+00BE><U+0096><ed><U+00AE><U+00BA><ed><U+00BE><U+0096>
255,FaderogayaRyan,"#halalan2016 #PHVoteDuterte #CayetanoVPko #PiliPinasDebates2016 #PHVote #PiliPinasDebates
 https://t.co/oRN92CqFpu"
256,FaderogayaRyan,"#halalan2016 #PHVoteDuterte #CayetanoVPko #PiliPinasDebates2016 #PHVote #PiliPinasDebates
 https://t.co/0Ktla3LMAE"
257,FaderogayaRyan,"#halalan2016 #PHVoteDuterte #CayetanoVPko #PiliPinasDebates2016 #PHVote #PiliPinasDebates
 https://t.co/Av0xH7e4Qn"
258,FaderogayaRyan,"#halalan2016 #PHVoteDuterte #CayetanoVPko #PiliPinasDebates2016 #PHVote #PiliPinasDebates
 https://t.co/hCCbvFsLyb"
259,FaderogayaRyan,"#halalan2016 #PHVoteDuterte #CayetanoVPko #PiliPinasDebates2016 #PHVote #PiliPinasDebates
 https://t.co/TDUPtCoX1v"
260,iamnicomendoza,"""It's not right to blame the son for the sins of his father."" -Honassan.
May kaibigan naman pala si marcos. lol
#Pilipinasdebates"
261,FaderogayaRyan,"#halalan2016 #PHVoteDuterte #CayetanoVPko #PiliPinasDebates2016 #PHVote #PiliPinasDebates
 https://t.co/3g6BVUKulU"
262,Aglaecaaa,"""I cannot give what I do not have."" Parang pagibig lang yan e paano ka magpaparaya e kung hindi naman sya sayo. #PilipinasDebates"
263,FaderogayaRyan,"#halalan2016 #PHVoteDuterte #CayetanoVPko #PiliPinasDebates2016 #PHVote #PiliPinasDebates
 https://t.co/vw3h9PhXre"
264,FaderogayaRyan,"#halalan2016 #PHVoteDuterte #CayetanoVPko #PiliPinasDebates2016 #PHVote #PiliPinasDebates
 https://t.co/pnjpPa9Kho"
265,PTVph,#PiliPinasDebates VP LEG: All Vice Presidentiables not in favor of same sex marriage
266,FaderogayaRyan,"#halalan2016 #PHVoteDuterte #CayetanoVPko #PiliPinasDebates2016 #PHVote #PiliPinasDebates
 https://t.co/Td30MSU9y2"
267,diversityph,#LGBTvotePH #juanvote #PiliPinasDebates #PHvote #PiliPinasDebates2016 https://t.co/927EkchU0O
268,briantenorio,#LGBTvotePH #juanvote #PiliPinasDebates #PHvote #PiliPinasDebates2016 https://t.co/gKPNxwA9OO
269,FaderogayaRyan,"#halalan2016 #PHVoteDuterte #CayetanoVPko #PiliPinasDebates2016 #PHVote #PiliPinasDebates
 https://t.co/ZWULaio7gp"
270,FaderogayaRyan,"#halalan2016 #PHVoteDuterte #CayetanoVPko #PiliPinasDebates2016 #PHVote #PiliPinasDebates
 https://t.co/PAObFjMfBR"
271,kennethdreams,Nanonood ka ng #PilipinasDebates nang biglang nagsidaanan yung mga sasakyang may campaign songs <ed><U+00A0><U+00BD><ed><U+00B2><U+00A3><ed><U+00A0><U+00BD><ed><U+00B4><U+00AA>
272,PTVph,#PiliPinasDebates VP LEG: Apply the rule of law. Strengthen the institutions lalo na right to life. - Sen Honasan
273,FaderogayaRyan,"#halalan2016 #PHVoteDuterte #CayetanoVPko #PiliPinasDebates2016 #PHVote #PiliPinasDebates
 https://t.co/Ye4lCmIpfI"
274,RJayeologist,5 vs. 1. It is Marcos vs. the rest of the vice presidential candidates. #PilipinasDebates
275,angelicabuenave,"Go Marcos !!!
#PiliPinasDebates"
276,FaderogayaRyan,"#halalan2016 #PHVoteDuterte #CayetanoVPko #PiliPinasDebates2016 #PHVote #PiliPinasDebates
 https://t.co/qxsuN06nzr"
277,FaderogayaRyan,"#halalan2016 #PHVoteDuterte #CayetanoVPko #PiliPinasDebates2016 #PHVote #PiliPinasDebates
 https://t.co/kBi74ehHfr"
278,PTVph,#PiliPinasDebates VP LEG: Hindi mahalaga ang banghayan na nangyayari ngayon. Ang mahalaga ay kung ano ang dapat gawin. - Sen Escuderp
279,FaderogayaRyan,"#halalan2016 #PHVoteDuterte #CayetanoVPko #PiliPinasDebates2016 #PHVote #PiliPinasDebates
 https://t.co/OIdtGmlaz1"
280,XDDDD_DJ_Bae,"Parang c tulfo magsalita c chiz hahaha 

#PilipinasDebates"
281,FaderogayaRyan,"#halalan2016 #PHVoteDuterte #CayetanoVPko #PiliPinasDebates2016 #PHVote #PiliPinasDebates
 https://t.co/iGhjXq7yxa"
282,CharooMariee,Shet!! Galing mo Cayetano. Natumbok mo!! #PilipinasDebates
283,ronneldc8,"Against all odds ang peg ni BBM. Jusko, halatang pinagtutulungan eh! Mga desperada! #BBM #PiliPinasDebates"
284,FaderogayaRyan,"#halalan2016 #PHVoteDuterte #CayetanoVPko #PiliPinasDebates2016 #PHVote #PiliPinasDebates
 https://t.co/bYaRNsQhOM"
285,FaderogayaRyan,"#halalan2016 #PHVoteDuterte #CayetanoVPko #PiliPinasDebates2016 #PHVote #PiliPinasDebates
 https://t.co/vVlBV1RLfO"
286,PTVph,#PiliPinasDebates VP LEG: Sen Cayetano challenges Sen Marcos to return hidden wealth to people.
287,FaderogayaRyan,"#halalan2016 #PHVoteDuterte #CayetanoVPko #PiliPinasDebates2016 #PHVote #PiliPinasDebates
 https://t.co/HIVNDz18WE"
288,nathancacnio,Guilty si Bong-bong. #PilipinasDebates
289,alfredcaparros,Problem ko with APC. Running mate ni Duterte and throwing shade sa partymate niya. Is this the kind of VP that we want? #PiliPinasDebates
290,FaderogayaRyan,"#halalan2016 #PHVoteDuterte #CayetanoVPko #PiliPinasDebates2016 #PHVote #PiliPinasDebates
 https://t.co/omwL8Fnwap"
291,FaderogayaRyan,"#halalan2016 #PHVoteDuterte #CayetanoVPko #PiliPinasDebates2016 #PHVote #PiliPinasDebates
 https://t.co/rhpi41d7BM"
292,PTVph,#PiliPinasDebates VP LEG: Sen BongBong is not being honest with you. Sila ang humahadlang na maibalik sa gobyerno ang $1B. - Sen Cayetano
293,kyflo,Good job @cnnphilippines ! HD yung #PiliPinasDebates niyo. Okay na rin kahit 720p! https://t.co/CDVtWeRuPb
294,chinchinsntg,"APC acknowledges that extrajudicial killings are part of human rights violations, so what’s up with Du30’s sole platform? #PiliPinasDebates"
295,Dr_Seussette,Now's the time to be properly informed about the VP candidates qualifications. #PiliPinasDebates
296,PTVph,#PiliPinasDebates VP LEG: May 2 husgado na nag-uutos na ibalik ang pera ng bayan. - Re. Robredo
297,PTVph,"#PiliPinasDebates VP LEG: Raket po ito. Hindi 'yan galing sa pamilya Marcos (on P5,000 suhol). - Sen. Marcos"
298,XDDDD_DJ_Bae,"C lenny magalang at chill lng magsalita xD

#PilipinasDebates"
299,PTVph,"#PiliPinasDebates VP LEG: Totoo ba Sen Marcos na bibigyan sila (tao) ng P5,000 kung iboboto kayo? - Sen Trillanes to Sen Marcos"
300,Daphne_Felize,"Two thumbs up for Leni Robredo.
#PilipinasDebates"
301,PTVph,"#PiliPinasDebates VP LEG: Sen Marcos booed again on his answer that ""I cannot give what I do not have (on hidden wealth)."""
302,XDDDD_DJ_Bae,Boo marcos!!! XD #PilipinasDebates
303,PTVph,"#PiliPinasDebates VP LEG: Hindi yata tama na i-acknowledge lang yun, kailangan ibalik yung hidden wealth dahil... https://t.co/Wn1HDPX6GH"
304,PTVph,#PiliPinasDebates VP LEG: I certainly acknowledge the human rights abuses of every government. I can only... https://t.co/TIEyXkQ44X
305,fauxillustrado,"Wala paring apology. Jusko naman. You just acknowledged it in EVERY ADMINISTRATION, diba? Just apologize damn it. #NoToBBM #PiliPinasDebates"
306,PTVph,#PiliPinasDebates VP LEG: moving on to human rights abuses
307,NaneyyPayne,#PilipinasDebates 2016
308,WhodunitAlley,Hindi talaga maiiwasan na may kandidato na pinepersonal ang mga tanong at mga ibang kandidato. XD #PiliPinasDebates
309,ambrose7107,@batchifckngluna Binay Pikon. Tanda na wala pa ring pinagkatandaan. Pasencia' #PiliPinasDebates
310,hehersonjeje,"Honestly speaking, mahirap mabuhay sa mundong puro pagbe-blame sa kapwa ang ginagawa. Nakakalungkot <ed><U+00A0><U+00BD><ed><U+00B8><U+00A2> #PiliPinasDebates"
311,themarcoharder,"I think the APC will pull back a bit on HR abuses since BBM can easily drag Duterte into this, mwehehehe. #pilipinasdebates"
312,TheCaliadne,29 Days nalang pala. <U+263A> #ProgresibongBUKAS #Eleksyon2016 #PiliPinasDebates
313,mydarlingEJ,watching live streaming of VP debate here in Japan! @cnnphilippines #PiliPinasDebates
314,vbajr_,"""We have to move on."" #PilipinasDebates"
315,PTVph,#PiliPinasDebates VP LEG: All Vice Presidentiables believe that an anti-dynasty law should be passed.
316,fritzmalit,Who are the only candidates directly and logically answering the questions? Robredo and Trillanes. #VicePresidentialDebate #PilipinasDebates
317,PTVph,#PiliPinasDebates VP LEG: Ang Sin Tax napupunta sa CCT at PhiHealth. - Rep Robredo
318,PTVph,"#PiliPinasDebates VP LEG: Ano klaseng gobyerno yan, pataas ng buwis hindi naman nagagamit. - Sen. Marcos"
319,WhodunitAlley,#PiliPinasDebates Feel the heat! Hooo! Inclusivity has been the word of the day. I hope they really know what that is.
320,jedikristina,HonasanOPol.Dynasties: Reiterates need 2 strengthen https://t.co/AiUXuPFKzi System 2 ensure politics is based on platforms.#PilipinasDebates
321,fauxillustrado,"Chiz, don't liken large tobacco corporations to SMEs! Halimaw ka! And that's exactly the point, mayaman lang ang malusog!! #PiliPinasDebates"
322,imakpop_fangirl,DAMN #CAYETANO IS KILLING IT! #VicePresidentCayetano #PilipinasDebates
323,PTVph,#PiliPinasDebates VP LEG: Ni minsan hindi ako bumuto sa panukala na pagpapataas ng buwis. - Sen Escudero
324,PTVph,"#PiliPinasDebates VP LEG: Noong pinasa yung Sin Tax, bakit komontra sila sa pagpasa ng Sin Tax - Rep Robredo to Sen Ecudero and Sen Marcos"
325,imsuperjhona,"“Pati ba naman oras ko, nanakawin mo?” — Cayetano to Marcos #PiliPinasDebates"
326,MSNoble_Aster,Alan Cayetano so gud! HAHAHA MARCOS PARANG SINAPAK SA MUKHA <ed><U+00A0><U+00BD><ed><U+00B1><U+008C> #PiliPinasDebates
327,nclesntgo,"""Political will against corruption"" - Cayetano #PiliPinasDebates @ideasmatterUST @GilGarciaVelez"
328,PTVph,#PiliPinasDebates VP LEG: Ako lamang ang kaisa-isang  nagsulat ng batas na may anti-dynasty. - Sen. BongBong Marcos
329,PTVph,#PiliPinasDebates VP LEG: Ang dynasty talagang may problema. Political will against corruption.  Alam niyo ba... https://t.co/DWkrJkO798
330,missgracerubis,"Marcos, stop being a Binay!
Cayetano: 'pati ba naman 'yan nanakawin mo?""
#PiliPinasDebates #VPCayetano"
331,ShdrchValdez,dude no relate... flight of ideas #PilipinasDebates
332,XDDDD_DJ_Bae,"Maawa nmn kayo sa nagsa sign language oi!! XDD

#PilipinasDebates"
333,XDDDD_DJ_Bae,"Ayan na awayan na hahahaha

#CayetanoVsMarcos
#PilipinasDebates"
334,vidaboadicea,Political dynasties directly related to poverty in communities according to study by AIM says Leni Robredo. #LeniIsMyVP #PiliPinasDebates
335,raefication,Robredo:Ang pinaguusapan dito ay ang equal opportunity. Connected ang political dynasties sa kahirapan ng lugar.  #PHVote #PiliPinasDebates
336,PTVph,#PiliPinasDebates VP LEG: Ang pinag-uusapan natin dito equal opportunity - Rep. Robredo
337,XDDDD_DJ_Bae,"Kahit anong gawin mo hanggat hindi mo itinatakwil ang mga gawain ng tatay mo, hindi na mawawala yang bahid sa apelyido mo
 #PilipinasDebates"
338,PTVph,#PiliPinasDebates VP LEG: Isa ako sa mga co-author ng Anti-Dynasty bill. - Rep. Leni Robredo
339,PTVph,#PiliPinasDebates VP LEG: Kalimutan ninyo ang mga pangalan namin. Tignan ninyo ang talagang may ginawa. - Sen BongBong Marcos
340,NyxRPh,NW #PiliPinasDebates
341,PTVph,"#PiliPinasDebates VP LEG: Your mother is now the Congressman of Sorsogon, bakit hindi mo inilabas noong tinanong... https://t.co/3TiPcdVAuS"
342,solidkapamilya4,"Jusko palipat lipat ako ng chanel may CNN debate #PilipinasDebates at volleyballgame sa  studio23
#PrevailAteneo
#UAAPSeason78 <ed><U+00A0><U+00BD><ed><U+00B8><U+0082>"
343,PTVph,"#PiliPinasDebates VP LEG: Medyo hinay-hinay tayo dito sa dynasty. Una, hindi malinaw ang definition. - Sen Honasan"
344,imakpop_fangirl,turned on to Mr. Alan Peter Cayetano #lol #Cayetano #DuCay #DuCay2016 #PilipinasDebates
345,iamnicomendoza,"""Do you belong to a political dynasty?""?Chiz Escudero and Bong Bong Marcos, friends. Hi! HAHA
#Pilipinasdebates"
346,akosiicko,"BBM, walang kopyahan please. #PiliPinasDebates #YesOrNo"
347,PTVph,#PiliPinasDebates VP LEG: Pabor ako sa anti-dynasty measure. - Sen Escudero
348,Aglaecaaa,Leadership is the capacity to translate VISIONS into REALITY. #PilipinasDebates #VPDebates
349,engliSHERNA,"Bakit may accent si Sen Chiz? <ed><U+00A0><U+00BD><ed><U+00B8><U+0082> parang nagdadasal, ""hamina hamina hmmm"" #PiliPinasDebates"
350,PTVph,#PiliPinasDebates VP LEG: Moving on to political dynasty topic
351,PTVph,"#PiliPinasDebates VP LEG: Ang ekonomiya ay lumalago, kasabay ang kriminalidad at droga. Kami lang ang naniniwala... https://t.co/chxLnI2VMc"
352,malasakitpinas,#MalasakitKontraPasakit Walang ibig sabihin ang growth rate kapag ang poverty rate ay di nagbabago. - Marcos #PiliPinasDebates
353,malasakitpinas,#MalasakitKontraPasakit Ang kailangan sustainability - Robredo #PiliPinasDebates
354,abbeylarios,Naannoy ko sa tingog ni Sen.Chiz #PilipinasDebates
355,paninibernardo,"How to be Binay
1. Be corrupt af
2. Blend in w the shadows
3. Conquer via shade throwing

Lol Marcos what a resemblance 
#PiliPinasDebates"
356,sammiubaldo,Si Cayetano yung kaklase mong sinabihan ng klase na wag sabihin na may quiz sa prof pero sinabi parin. #PiliPinasDebates
357,GELLIconci,"Mala-Mar Roxas din tong si Cayetano weh. Walang ginawa kundi manira, mambintang at mandamay ng kapwa kandidato! #PiliPinasDebates #VP2016"
358,iamnicomendoza,"Aba kung si Binay gagawing 5P's ang 4P's, si chang Lenie Robredo balak gawing 8P's. Ayy bidding pala yang P's na yan. 
#Pilipinasdebates"
359,PTVph,#PiliPinasDebates VP LEG: Hindi inclusive and growth. Yumaman ang mga dati nang mayaman. - Sen Chiz Escudero
360,solidkapamilya4,"#PiliPinasDebates
Kawawa si marcos pinagtutulungan haha"
361,PTVph,#PiliPinasDebates VP LEG: Kailangan ituoly ang sinimulan ni Pres. Aquino. Kailangan din handa ang mga Pilipino. - Rep. Leni Robredo
362,TomasinoWeb,Walang ibig sabihin ang growth rate kapag ang poverty rate ay di nagbabago. - Marcos #PiliPinasDebates
363,TomasinoWeb,Ang kailangan sustainability - Robredo #PiliPinasDebates
364,PTVph,#PiliPinasDebates VP LEG: What would you do to make sure that the fastest growing economy set by President Aquino is sustained?
365,lavender615,"Phils. needs to be reminded again. Sige go Alan, iexpose si Marcos!#PiliPinasDebates"
366,PTVph,#PiliPinasDebates VP LEG is now number 1 in Philippine topic trends https://t.co/ARaIaZqk4H
367,PIANewsDesk,Yes/No question: All Vice Presidentiables agree na dapat masama sa death penalty ang mga kurakot. #PiliPinasDebates https://t.co/ZQ6sGRC7Kw
368,cmvcardeno,#PiliPinasDebates naman! Vice Presedential forum......
369,TomasinoWeb,"""Itaas ang sweldo ng mga kawaning gobyerno upang maiwasan ang suhol"" - Trillanes #PiliPinasDebates https://t.co/4exbDSUP9d"
370,katariinaaaaaa,"Ang init!! Hahaha

#PiliPinasDebates
#VicePresident
#Trilianes"
371,bimboy_palaboy,"Habang mainit ang #PiliPinasDebates, mainit rin ang volleyball game ng DLSU at *THE* Ateneo. Basta talunin nyo ang NU sa Wed, Lady Spikers."
372,PTVph,#PiliPinasDebates VP Leg is intense. https://t.co/qBWT9BcoZV
373,edmundtelmo,The Vice Presidential Debate sounds more intellectual and exciting than the Presidential one. <ed><U+00AE><U+00B8><ed><U+00BC><U+00B4> #PiliPinasDebates
374,timpanatag,Mas mainit balitaktakan ng mga kandidato sa pagkaVP! #PilipinasDebates #CNNPhilippines
375,nclesntgo,"""Judicial appointments will not be political anymore"" -Leni Robredo #PiliPinasDebates @ideasmatterUST @GilGarciaVelez"
376,TheViceDean,Tapang at malasakit... Alam nyo na... #DuCay2016 #PiliPinasDebates
377,fujoshidesu_,"it is true that Marcos' diploma was fake, right?  I remember reading several articles about it.. (or maybe im delusional) #PiliPinasDebates"
378,Pattatouie,"I feel sorry for Senator Honasan, are we sure that he wasn't forced to be binay's running mate . #PilipinasDebates"
379,eyabigan,Nangongopya lang BBM sorry hahaha  #PiliPinasDebates #PHVote
380,PTVph,#PiliPinasDebates VP LEG: I would have to add doing ease business in the Philippines.  Judicial appointment must... https://t.co/HPnfn4LddB
381,PTVph,#PiliPinasDebates VP LEG: Convene the LEDAC.  The first step must be political. - Sen. Honasan
382,ambrose7107,"@agmarzan @don_realtalk sana may follow up question: ""Yung totoo..."" #PiliPinasDebates"
383,PTVph,#PiliPinasDebates VP LEG: Creation of martial service... some of the justices feel that they are intimidated. - Sen. Trillanes.
384,fujoshidesu_,Cayetano is a funny guy.  #PiliPinasDebates
385,Jhune_ig,"Alan: alam natin graduate si Sen. Marcos sa London kahit peke ang diploma.

buti hindi running-mate si Mar at Bongbong <ed><U+00A0><U+00BD><ed><U+00B8><U+0082>

#PiliPinasDebates"
386,PTVph,#PiliPinasDebates VP LEG: What can be done to improve the judicial system in the Philippines?
387,kyflo,@CNNPhilippines nailed this leg of #PilipinasDebates.
388,nthlialgr,"#pilipinasdebates 
Vpres"
389,PTVph,#PiliPinasDebates VP LEG: I take offense sa sabi ni Sen Marcos na namumulitika kami sa imbestigasyon tungkol kay... https://t.co/9wQqE8ap0o
390,HenLunaMemes,"#PilipinasDebates

-Kapitana https://t.co/sxPtqSQdIe"
391,jonasbagas,"Chiz used his PDAF allocations for 2009 (57M), 2011 (100M), &amp; 2012 (200M). #pilipinasdebates https://t.co/8v0iV8hnMB"
392,XENbisyoso,Sana sinali na lang di Vp Binay sa debate na ito #PiliPinasDebates
393,rapplerdotcom,"Cayetano hits Marcos, mentions fake diploma: Nasaan ka pag corruption ang pinaguusapan? #PiliPinasDebates #PHVote https://t.co/v8SwyaC56f"
394,XDDDD_DJ_Bae,C Trillanes love na love c Binay hahahaha #PilipinasDebates
395,ShdrchValdez,isuga ni Cayatano oi!!!! #PilipinasDebates
396,PTVph,#PiliPinasDebates VP LEG: Tiyak ko yung ninakaw ng Marcos sa Pilipinas. - Sen Cayetano.
397,ronneldc8,Marcos vs. Cayetano! Waw! Desperado 'tong si Cayetano ah! #Marcos #PiliPinasDebates
398,ShdrchValdez,internet too slow but will do #PilipinasDebates #Empire https://t.co/6VhnWaBtqb
399,XDDDD_DJ_Bae,Ayan na awayan na sila hgahgaha #PilipinasDebates
400,PTVph,#PiliPinasDebates VP LEG: Hindi ako sasama sa kanila sa pamumulitika. - Sen Marcos to Sen Trillanes
401,XDDDD_DJ_Bae,Parang hindi maayos ung systen ng CNN PH #PilipinasDebates
402,josephfmendoza,Leni just burned Chiz alive with that question. Hahaha! #PiliPinasDebates
403,PTVph,"#PiliPinasDebates VP LEG: Sen. MArcos, saan ka kapag korupsyon ang pinag-uusapan. Saan ka kapag may hearing sa... https://t.co/ob6RfzfzmG"
404,AyishaChua,"VP Binay booing in the audience is very unprofessional for a person running for president #PiliPinasDebates2016
#PiliPinasDebates"
405,CzeannR,#VicePresidentialDebate #PilipinasDebates Cayetano is on fire <ed><U+00A0><U+00BD><ed><U+00B8><U+00A7>
406,JCautencio,Marcos and Escudero - burned #PiliPinasDebates
407,andreaneillamor,Nasaan ka? <ed><U+00A0><U+00BD><ed><U+00B8><U+0082>#PiliPinasDebates
408,kjcruz04,"#PiliPinasDebates naman! Marcos, akala ko 'no mudslinging'?"
409,heregoesmyGabie,Cayetano!!! Woooooo! Goooo! #PiliPinasDebates #VicePresidentialDebate
410,jolojose,I. CAN'T. DEAL. #PiliPinasDebates
411,ezzycostales,"debate's damn fire. <ed><U+00A0><U+00BE><ed><U+00B4><U+0098><ed><U+00A0><U+00BC><ed><U+00BF><U+00BD><ed><U+00A0><U+00BD><ed><U+00B4><U+00A5>
#PilipinasDebates"
412,louiseeliesse,Cayetano firing shots again <ed><U+00A0><U+00BD><ed><U+00B8><U+0082> #PiliPinasDebates
413,leminche,<ed><U+00A0><U+00BD><ed><U+00B1><U+008A><ed><U+00A0><U+00BC><ed><U+00BF><U+00BB><ed><U+00A0><U+00BD><ed><U+00B1><U+008A><ed><U+00A0><U+00BC><ed><U+00BF><U+00BB> gusto ko tlaga tong VP debate #PilipinasDebates
414,CejeroC,#PiliPinasDebates VP LEG: https://t.co/Afjfdubtyc
415,nclesntgo,"""The certainty that you will be caught and you will be punished"" -Cayetano #PiliPinasDebates @ideasmatterUST @GilGariaVelez"
416,rapplerdotcom,Cayetano: Only Duterte-Cayetano can guarantee change in system. #PiliPinasDebates https://t.co/Ix0E86uTqE #PHVote https://t.co/LlQWi4xb54
417,fabjomseugenio,I don't buy Escudero's excuse! He did not do anything to scrap pork barrel dahil di naman sya tumanggap ng PDAF.  #PiliPinasDebates #PHVote
418,PTVph,"#PiliPinasDebates VP LEG:  It is not the penalty, it is the certainty that you will be caught. - Sen Cayetano"
419,paulzaldarriaga,"""@rapplerdotcom: Robredo to Escudero on PDAF: What did he do to remove discretion? #PiliPinasDebates https://t.co/Za7JEv5MmK  LENI FOR VP"
420,PTVph,"#PiliPinasDebates VP LEG: Sa Pilipinas kapag malaki ang ninakaw mo, magiging Vice President ka. - Sen Cayetano."
421,vssarabia,#PiliPinasDebates #PiliPinasDebates2016 #LeniIsMyVP #LabanLeni  https://t.co/7o2dXwifrF
422,PTVph,#PiliPinasDebates VP LEG: What do you think is the appropriate penalty for graft and corruption?
423,JuliaCruz90,Chiz ang tanong ni Leni ano ginawa mo para mawala ang pdaf hindi kung tinanggap mo pdaf. #PiliPinasDebates
424,CejeroC,"#PiliPinasDebates VP LEG: Itinulak
ko ang interes ng sambayanan.
Pinamunuan ko ang
imbestagsyon. - Sen. Sonny
Trillanes"
425,Moichiiiiiiiii,"""@TheRainBro: TANGINA THIS IS BETTER THAN ALL THE  PREVIOUS PRESIDENTIAL DEBATES #PilipinasDebates"" TRUE"
426,PTVph,#PiliPinasDebates VP LEG: Corrupt si VP Binay based on evidence. - Sen Trillanes
427,rapplerdotcom,Trillanes responds to Honasan: I investigated. I believe Binay is corrupt. #PiliPinasDebates https://t.co/Ix0E86uTqE https://t.co/JvlTfeu58t
428,momsterteacher,To answer Bong Bong's musings... #PiliPinasDebates #NeverAgain #VPDebates https://t.co/IUrjzD0nWA
429,ronneldc8,Mas maganda pa 'tong vp debates ah! mainit! #PiliPinasDebates
430,PTVph,#PiliPinasDebates VP LEG: No person should be deprived of his rights without due process (on corruption allegations) - Sen. Honasan
431,marineenah,Omg Trillanes <ed><U+00A0><U+00BD><ed><U+00B9><U+008A> #PiliPinasDebates
432,leminche,Mas maganda tong debate ng VP #PilipinasDebates
433,CejeroC,"#PiliPinasDebates VP LEG: Sen.
Ferdinand Marcos's opening 
statement is interrupted by
hecklers."
434,rapplerdotcom,Escudero says no PDAF was released to him during Arroyo's time. #PiliPinasDebates https://t.co/Ix0E86uTqE #PHVote https://t.co/SlxktdYeWh
435,leminche,<ed><U+00A0><U+00BD><ed><U+00B4><U+00A5><ed><U+00A0><U+00BD><ed><U+00B4><U+00A5><ed><U+00A0><U+00BD><ed><U+00B4><U+00A5> #PilipinasDebates
436,JoyceAManansala,Mas maganda pa debates ng VP. #PiliPinasDebates
437,marklouweee,I think Chiz was caught off guard there. #PiliPinasDebates
438,donnng,I love fiesty @lenirobredo #PiliPinasDebates #PHVote
439,nthnaspire,Ako lang ba yung nanonood ng debate? #PiliPinasDebates
440,PTVph,#PiliPinasDebates VP LEG: Wala akong PDAF sa siyam na taon. - Sen. Chiz Escudero
441,PTVph,#PiliPinasDebates VP LEG: Mayroon ba kayong ginawa sa PDAF mo? - Rep. Leni Robredo
442,xyrillericea,"So far, Cayetano won me in this debate. @ideasmatterUST #PiliPinasDebates #ITMMakeAChoiceHaveAVoice  https://t.co/WuGE4CXSTe"
443,rapplerdotcom,Robredo to Escudero on PDAF: What did he do to remove discretion? #PiliPinasDebates https://t.co/Ix0E86uTqE #PHVote https://t.co/hCgoHjmqYq
444,jan_dacumos,"@lenirobredo: Napakatagal na niyang Congressman/Senador (Chiz), anong ginawa niya sa diskresyon (re PDAF)? #LabanLeni #PiliPinasDebates"
445,espinaaasjeeee_,"Marcos vs Cayetano
Robredo vs Escudero

SHET I LOVE THIS #PiliPinasDebates <ed><U+00A0><U+00BC><ed><U+00BE><U+0089><ed><U+00A0><U+00BC><ed><U+00BE><U+0089><ed><U+00A0><U+00BC><ed><U+00BE><U+0089>"
446,PTVph,#PiliPinasDebates VP LEG: Ano ang ginawa mo para matanggal ang diskresyon sa PDAF. Rep. Robredo to Sen Escudero
447,WonderGabbyy,Sino ba yang mga audience dyan sa #PilipinasDebates? Ang babatos nila :(
448,EECRAndomZY,@jan_dacumos #PiliPinasDebates what channel
449,rapplerdotcom,Marcos: Napoles herself cleared my name. I have nothing to do with PDAF. #PiliPinasDebates https://t.co/Ix0E86uTqE https://t.co/hlwqYAAYWN
450,PTVph,#PiliPinasDebates VP LEG: Si Napoles ang nag clear sa akin. Kaya maliwanag na maliwanag na wala akong kinalaman... https://t.co/vYiq7iLFzh
451,jinkie028,"For the debate today, I didn't hear the words, ""Excuse me po, time ko po ito!""....Hahaha!!!  #PiliPinasDebates PiliPinasDebates2016 for VP"
452,CzeannR,#PilipinasDebates #VicePresidentialDebate Ang ingay ng audience jusko
453,EECRAndomZY,@TheRainBro #PilipinasDebates where?? What channel
454,jan_dacumos,BBM pa more. Bongbong Booed nang Malala. #PiliPinasDebates
455,kerwincredible,Grabe maghatakan tong VP candidates pati grades ko nahatak pababa #PiliPinasDebates
456,sashimimiiii,Kawawa naman si BongBongBeybe <U+2639><U+FE0F> BongBong/Allan pa naman ako. Huhubells #PiliPinasDebates2016 #PilipinasDebates #VicePresidentialDebate
457,jaysonsamonteza,HAHAHA issues all over the debate ! #PilipinasDebates
458,RSPilottt,Hahahaha natatawa nalang si Marcos sa ginagawa nya e #PilipinasDebates
459,emersonleear14,"Hindi ko alam kung bino-boo si #Marcos o nagchi-cheer sila para sa kanya. Haha. .
#VP #PiliPinasDebates"
460,lamighangin,Bakit may TV ad si @Saychiz sa #PiliPinasDebates @cnnphilippines ?
461,candyscribbles,"HAHAHAHAHA CONG. LENI I LOVE YOU.

#PiliPinasDebates https://t.co/gt1QCfwvmp"
462,Lainelabsyuuu,"Mas bettwr tong VP debates, kaysa sa Presidential. #PilipinasDebates"
463,Lxurice_,"Duterte-Marcos nice pick, mom! <ed><U+00A0><U+00BD><ed><U+00B8><U+0082> <ed><U+00A0><U+00BC><ed><U+00B7><U+00B5><ed><U+00A0><U+00BC><ed><U+00B7><U+00AD> #PilipinasDebates"
464,tamigirl17,Hanggang ngayon hindi ko pa din maintindihan kung bakit nandun si Leni Rebrodo! Pls im press me. #PiliPinasDebates
465,louiseeliesse,Parang mas qualified pa sila maging President. <ed><U+00A0><U+00BD><ed><U+00B8><U+0082><ed><U+00A0><U+00BD><ed><U+00B8><U+0082> #PiliPinasDebates
466,rapplerdotcom,Escudero: Isang uri ng katiwalian ang kawalan ng delicadeza sa pwesto. #PiliPinasDebates https://t.co/Ix0E86uTqE https://t.co/PbiuqonuvS
467,bruhamaruha,VP debate is more interesting. #PILIpinasdebates
468,Lainelabsyuuu,"Grabe yung tita ko, clap clap clap kay Honasan. #PilipinasDebates"
469,EK_Encarnacion,@AC_Nicholls this VP #PiliPinasDebates is super interesting! Go girl! :)
470,akosiicko,"*audience heckle BBM*
Pinky: I've warned you that hecklers will be sent out. Pls escort the whole crowd outside the venue. #PilipinasDebates"
471,jan_dacumos,Walang maibatong putik kay @lenirobredo. #LabanLeni #LeniIsMyVP #PiliPinasDebates
472,leminche,Mainit na mainit ang debate #PilipinasDebates
473,cerrvi,#Liar! #PiliPinasDebates
474,rapplerdotcom,WATCH: Q:Have you engaged in any corrupt practices? All candidates say no. #PiliPinasDebates https://t.co/Ix0E86uTqE https://t.co/83lD0uya91
475,TheRainBro,TANGINA THIS IS BETTER THAN ALL THE  PREVIOUS PRESIDENTIAL DEBATES #PilipinasDebates
476,PIANewsDesk,For Yes/No question: All Vice Presidentiables say they did not engage in any form of corruption. #PiliPinasDebates https://t.co/2qh09wSvk7
477,pringsesa_j,Pero naniniwala akong iba ka Sen Marcos!!! #PiliPinasDebates
478,markymarks14,Dahil sa debate lumabas na threat si BBM kay APC. #LaylayanPaMore #PiliPinasDebates
479,kttykills,I'm confused! Are people cheering or booing Bongbong Marcos? #PilipinasDebates grabe na ituu
480,CejeroC,"#PiliPinasDebates VP LEG: How
can you emsure that you can fight
corruption?"
481,IanTiiJacob,"Fanboy here! Cayetano is <U+2764>
Thank you for your leadership.
#PilipinasDebates #TheLeaderIWant… https://t.co/c8XEC7Rn1c"
482,7Yjpm,"Cayetano sucks!<ed><U+00A0><U+00BD><ed><U+00B8><U+0092><ed><U+00A0><U+00BD><ed><U+00B8><U+00A1>
#BMM2016
#PilipinasDebates"
483,marineenah,Shots are fired between Cayetano and Marcos! #PiliPinasDebates
484,claireraip,PIGANG-PIGA SI BONG #TheFilipinoVotes #Eleksyon2016 #PiliPinasDebates
485,CejeroC,"#PiliPinasDebates VP LEG: I will
work for peace, security and 
prosperity, Sen Gringo Honasan"
486,menorah73,The crowd is too loud and unruly! #PiliPinasDebates
487,RDRKeeper,"Stupid question haha of course all of them will say no! hahaha

#PilipinasDebates"
488,nclesntgo,Empowerment bill for Leni Robredo #PiliPinasDebates @ideasmatterUST @GilGarciaVelez
489,TIANak12,I will support Marcos no matter what! #BBM2016 #PiliPinasDebates
490,sicarlcervantes,In fair verona CNN Philippines! Good job in handling this hot debate! #PiliPinasDebates
491,PTVph,#PiliPinasDebates VP LEG: All Vice Presidentiables say they did not engage in any form of corruption.
492,rapplerdotcom,"Cayetano on Marcos and fight vs corruption: Salita lang, walang gawa. #PiliPinasDebates https://t.co/Ix0E86uTqE https://t.co/STHx7uaC2k"
493,sicarlcervantes,"Marcos is starting to sweat!!!!! 

#PiliPinasDebates"
494,jan_dacumos,Cayetano: Saang hearing tungkol sa corruption nandun si Bongbong? [Wala.] #Cayetanoed #PiliPinasDebates
495,ninyabonitaa,Relying on CNN livestreaming for #PilipinasDebates. A little late but to listen to our VP candidates is more important.
496,sicarlcervantes,"Marcos: hahaha corruption? Hahaha di naman haha saan ang documents? Haha kasinungalingan haha <ed><U+00A0><U+00BD><ed><U+00B8><U+0085><ed><U+00A0><U+00BD><ed><U+00B8><U+0085><ed><U+00A0><U+00BD><ed><U+00B8><U+0085>

#PiliPinasDebates"
497,AbanteNews,Honasan: Educate the gov't sector. Ensure that our leaders are elected not based on personalities. #PiliPinasDebates #AbanteHalalan2016
498,jigzmo,Apat laban sa isa @bongbongmarcos #PilipinasDebates
499,jagarao1,It's Cayetano vs Marcos rn. #PiliPinasDebates
500,CejeroC,"#PiliPinasDebates VP LEG: Ang
paninilbihan namin ni Sen. Grace
Poe ay pantay at parehas, walang 
kinikilingan. - Sen. Chiz Escudero"
501,jan_dacumos,"Cayetano: Interview sa nanay ni Bongbong, they practically owned the Philippines. #PiliPinasDebates"
502,PTVph,#PiliPinasDebates VP LEG: Sen. Marcos booed again as he responds on corruption-related cases.
503,kristamisajon,Oh come on Marcos! History never lies! #NeverAgain #LeniIsMyVP #PiliPinasDebates
504,OvercastKim,#PHVote #PiliPinasDebates hahaha mas masaya to kesa sa Presidentiables
505,insesita,"If it's not going to be Leni, I hope it's going to be Allan Cayetano. #PiliPinasDebates"
506,PaoloParaiso,Am i the only one bothered with Sen. Chiz's different voices during his speech ?#PiliPinasDebates
507,XDDDD_DJ_Bae,Cge Marcos defense pa sa corruption nyo hahgaha #PilipinasDebates
508,mohdsarj1,I can't concentrate on Chiz Escudero's answers with his manner of speaking. #PiliPinasDebates
509,rapplerdotcom,Honasan condemns trial by publicity. #PiliPinasDebates https://t.co/Ix0E86uTqE #PHVote https://t.co/m6W5gHWyzQ
510,PTVph,#PiliPinasDebates VP LEG: Ako ang pangunahing author ng FOI bill. - Sen. Escudero
511,DeanneClmbyn,"Remember I'm a Marcos, and our president is Aquino. -Marcos #PilipinasDebates"
512,CejeroC,"#PiliPinasDebates VP LEG: Sa
pamamahala ng Duterte-Cayetano
ipaglalaban namin kayo. - Sen.
Peter Cayetano"
513,jan_dacumos,May narecover na $4 billion ang PCGG sa nakaw na yaman ng Marcoses. Di pa ba sapat yun na pruweba? #PiliPinasDebates
514,PTVph,"#PiliPinasDebates VP LEG: yung trial by publicity, lalabanan ko 'yan. - Sen. Honasan"
515,samuel_sanada,Never again #PiliPinasDebates #LeniIsMyVP
516,MACMAMAMACMAC,This is war! <ed><U+00A0><U+00BD><ed><U+00B4><U+00A5><ed><U+00A0><U+00BD><ed><U+00B4><U+00A5><ed><U+00A0><U+00BD><ed><U+00B4><U+00A5><ed><U+00A0><U+00BD><ed><U+00B4><U+00A5><ed><U+00A0><U+00BD><ed><U+00B4><U+00A5> #PiliPinasDebates #VicePresidentialDebate
517,beatricesipin,Common ground of VP candidates is transparency for good governance #PiliPinasDebates
518,kristeljane21,Ay lageg pikhi si Cayetano na shots fired nuon ka Marcos <ed><U+00A0><U+00BD><ed><U+00B8><U+0082><ed><U+00A0><U+00BD><ed><U+00B8><U+0082><ed><U+00A0><U+00BD><ed><U+00B8><U+0082> <ed><U+00A0><U+00BD><ed><U+00B1><U+008A> #pilipinasdebates #duterte #du30cayetano
519,brazendynamo,"sobrang awkward ni honasan, answering the question after a heated exchange between the two others #PiliPinasDebates"
520,PTVph,"#PiliPinasDebates VP LEG: Hindi ka naman nagkatrabaho. Sa gobyerno lang, saan mo kukunin yung mga malalaking halaga na 'yan? - Sen. Cayetano"
521,CejeroC,"#PiliPinasDebates VP LEG: Ang
election is about you. Kayo dapat
ang sentro ng election. Panay
Marcos, Cojuanco,... https://t.co/njciorxEfS"
522,Abujinggg,Suntukann! Hahahahaha #PiliPinasDebates
523,LorenzoTanada,Shots fired! Cayetano to Marcos #PiliPinasDebates
524,RDRKeeper,"This is hotter than the Presidential Debates! hahaha

#PilipinasDebates #VPPilipinas"
525,XDDDD_DJ_Bae,Puro booo sa audience c Marcos sa mga Uste xD #PilipinasDebates
526,rapplerdotcom,"WATCH: Marcos: You must remember I am a Marcos, the President is an Aquino #PiliPinasDebates https://t.co/Ix0E86uTqE https://t.co/dLdIDCkFkO"
527,mavicvil,Heckle the s**t out of Bongbong Marcos ! #PilipinasDebates 2016. #NeverAgain
528,iammaricelg,Yung volume ng TV namin ngayon sobrang lakas para marinig ng kapitbahay ng manuod sila ng #PiliPinasDebates
529,brazendynamo,shoutout to CNN for being aggressive in enforcing the rules #PiliPinasDebates
530,drawde_yaj,Si Cayetano lang ang palaban sa kanilang anim! Nkklk! #PilipinasDebates
531,PTVph,#PiliPinasDebates VP LEG: Bakit ngayon lang yan nilababas (corruption related cases). - Sen. Marcos
532,reyaika,SOBRANG JUICY NG VP DEBATES PLS =)))))) #PiliPinasDebates
533,fritzmalit,Never to Cayetano nor to Honasan. #VicePresidentialDebate #PilipinasDebates
534,kristeljane21,My vote is for Alan Peter Cayetano for VP! Whatever all of you say  #pilipinasdebates
535,iamralphsanchez,I find the #PiliPinasDebates more interesting than Ateneo VS La Salle. <ed><U+00A0><U+00BD><ed><U+00B8><U+0082>
536,PTVph,#PiliPinasDebates VP LEG: Sen. BongBong and family involved in corruption related cases. - Sen. Cayetano
537,reyaika,Marcos on Cayetano's claims: big numbers have no basis. #PiliPinasDebates
538,rapplerdotcom,WATCH:  Cayetano hits Marcos for corruption. #PiliPinasDebates https://t.co/Ix0E86uTqE #PHVote https://t.co/F2U3a1NXv7
539,jan_dacumos,Cayetano: $10 billion ang ninakaw ng mga Marcos. Baka $100 billion na ang manakaw sa atin pag naging VP siya. #PiliPinasDebates
540,aimeelouise017,Grabe ang hard magsalita ni Alan kay Bong Bong. Hahahahaha! *grabs popcorn* #PiliPinasDebates
541,raefication,Marcos replies to Cayetano: Big numbers does not have a basis. Saan kinuha. But the records of PCGG are complete. #PHVote #PiliPinasDebates
542,ajxroxas,"Nice one, Cayetano! Idol! #PiliPinasDebates #PHVote"
543,akosiicko,Cayetano <ed><U+00A0><U+00BD><ed><U+00B8><U+008D> #PiliPinasDebates
544,pilsBILLYdohboy,BongBong is the Binay/punching bag of this debate. #PiliPinasDebates2016 #PiliPinasDebates
545,mohdsarj1,"Chiz Escudero is like Grace Poe, all flowery words flying through the air and vanishing.  #PiliPinasDebates"
546,beberlycastillo,time out sa DOTS. Oras naman para lubos makilala ang mga tumatakbong bise-presidente at ang kanilang mga plataporma. #PiliPinasDebates
547,CejeroC,"#PiliPinasDebates VP LEG: What
will define your leadership as Vice
President?"
548,rapplerdotcom,"Robredo: We need accountability,transparency,people participation. #PiliPinasDebates https://t.co/Ix0E86uTqE #PHVote https://t.co/QYHh4Cr8UO"
549,feonaimperial,Honasan on corruption: Empower the citizenry with a public information system. Talk about issues @verafiles #PiliPinasDebates
550,PTVph,"#PiliPinasDebates VP LEG: May mga template na ang ibang bansa as anti-corruption measure, mayroon lang mga kulang... https://t.co/FeaWQSsube"
551,CejeroC,"#PiliPinasDebates VP LEG: Rules
the Debate now being 
announced."
552,itsmeLaxicle,Madam Leni you just bombed your neighbor BONGBONG boom sabog sya! Sawa na ako sa ganyang effect kulong agad #DuCay #PiliPinasDebates 2016
553,marineenah,"They're all intelligently speaking, I love this debate. #PiliPinasDebates"
554,akosiicko,Did BBM laugh at his own words? <ed><U+00A0><U+00BD><ed><U+00B8><U+0082> #PiliPinasDebates
555,insider_showbiz,@ryan_chua i agree with u... But would u agree na maliit ang toti ni @Seb_Castro #PiliPinasDebates #BilangPilipino
556,CejeroC,"#PiliPinasDebates VP LEG begins.
Six Presidentiables now being
instroduced. Watchout for our live
update and tweets."
557,claireraip,"grabe, walang respeto. Mga tao sa audience. Mamaya na mag-react. #PiliPinasDebates"
558,nikkiarboleda,Choke din siya eh #PiliPinasDebates  https://t.co/TkSLEFUH9a
559,PTVph,#PiliPinasDebates VP LEG: People participation in governance (as anti corruption measure). - Rep. Leni Robredo
560,hellphine99,tbh i like marcos so i should probably stop tweeting on this debate cos people judge as if his father did zilch #PiliPinasDebates
561,stellar_Riot,"So far so good... The answers of Chiz, Gringo, Bongbong... #PiliPinasDebates #VotePH2016"
562,kitlaserna,Marcos gotten BOO's from Thomasians. Hahaha #VPDEBATE #PILIPINASDEBATES
563,efenrex,Palakpakan para kay Leni!!! #PiliPinasDebates #Halalan2016
564,Fahads_World,One of chiz's solutions for corruption is to remove pockets and drawers... #PilipinasDebates
565,PTVph,"#PiliPinasDebates VP LEG: Nang nasa kongreso tayo, lahat ng inihain ko puro anti-corruption measures. - Rep. Leni Robredo"
566,sandysolocio,this #PiliPinasDebates
567,fritzmalit,#VPdebate #PilipinasDebates #CNN
568,nclesntgo,Educate the the government sector -Sen Honasan #PiliPinasDebates @ideasmatterUST @GilGarciaVelez
569,Angelalogy,#PiliPinasDebates good job CNN.
570,rapplerdotcom,Marcos says his record is not tainted by corruption. #PiliPinasDebates https://t.co/Ix0E86uTqE #PHVote https://t.co/6DISsx2lYo
571,jessicuhreyes,"""Wala po tayong bahid sa korapsyon""

BELATED HAPPY APRIL FOOLS FROM BBM 
#PiliPinasDebates"
572,PTVph,#PiliPinasDebates VP LEG: Sen. BongBong Marcos booed on his response on anti corruption.
573,genalynnaridogo,aray na boooo ulit c marcos hahahaha #PiliPinasDebates
574,JonaMarasigan,Eh yung Bumi-binay na sa kulay si @bongbongmarcos. Lol #PiliPinasDebates
575,PTVph,#PiliPinasDebates VP LEG: Kapag may anti-corruption drive dapat pantay pantay at huwag lagyan ng pulitika. - Sen BongBong Marcos.
576,tsarmrahc,@abscbnmobile ur tv plus box has no CNN philippines a.k.a RPN 9?!?!?  Like seriously? It's local channel dba? #PilipinasDebates
577,claireraip,Yasss BB Marcos #PiliPinasDebates
578,rapplerdotcom,Honasan: Consider amendments to the local govt code. #PiliPinasDebates https://t.co/Ix0E86uTqE #PHVote https://t.co/aZJusVyVFo
579,reyaika,Escudero: Bawal ang may bulsa sa Bureau of Customs. #PiliPinasDebates #punny hehe
580,PIANewsDesk,All VP candidates were able to deliver their opening statements. #PiliPinasDebates Live stream: https://t.co/LcMKGyeIQy #HealthyNation
581,eb_cd,Go hecklers! #NeverAgain #PiliPinasDebates  https://t.co/Ggj69W2Tnz
582,CherysseLei,"escudero: wala nang bulsa ang mga taga customs 

HAHAHAHAHAHAHHAHA <ed><U+00A0><U+00BD><ed><U+00B8><U+0082> #PHVote #PiliPinasDebates2016 #PiliPinasDebates"
583,lakwatsarah,The solution to corruption is pocketless clothes. <ed><U+00A0><U+00BD><ed><U+00B1><U+008F><ed><U+00A0><U+00BC><ed><U+00BF><U+00BB><ed><U+00A0><U+00BD><ed><U+00B1><U+008F><ed><U+00A0><U+00BC><ed><U+00BF><U+00BB><ed><U+00A0><U+00BD><ed><U+00B1><U+008F><ed><U+00A0><U+00BC><ed><U+00BF><U+00BB> #ChizVPTalks #PiliPinasDebates
584,PIANewsDesk,All VP candidates were able to deliver to deliver their opening statements. #PiliPinasDebates Live stream: https://t.co/LcMKGyeIQy
585,rapplerdotcom,On fighting corruption: Escudero promises inclusive justice. #PiliPinasDebates https://t.co/Ix0E86uTqE #PHVote https://t.co/lCUr2Z5ntX
586,kcalmerol,This is indeed a fact<ed><U+00A0><U+00BD><ed><U+00B2><U+00A1>#PiliPinasDebates #ITMMakeAChoiceHaveAVoice @ideasmatterUST @GilGarciaVelez  https://t.co/BzbIJp31al
587,ambrose7107,Parang girlfriend ni JARVIS (AI) #PiliPinasDebates #SPSWapak
588,claireraip,Chiz bagay kayo ni Sen. Grace Poe #PiliPinasDebates
589,WanderingKam,Parang quiz bee yung dating ng debate. pero classy! #VPDebate #PiliPinasDebates
590,PTVph,#PiliPinasDebates VP LEG: How can you ensure that you can fight corruption?
591,markrustique,#VicePresidentialDebate #PiliPinasDebates #labanleni #LeniIsMyVP
592,kyflo,#PiliPinasDebates #ChizBabyTalks
593,reyesh1234,Wala akong bet sakanila <ed><U+00A0><U+00BD><ed><U+00B8><U+0082> #PiliPinasDebates
594,dumbbeingdumb,Leni Robredo when some members of the audience started heckling BBM #PiliPinasDebates https://t.co/oVtAQLlEku
595,CejeroC,"#PiliPinasDebates VP LEG:
Following the #PacBradley 3 fight
the only Comelec-sanctioned Vice
Presidential... https://t.co/CV7su1bKaM"
596,rapplerdotcom,Robredo: Lahat ng boses pakikinggan. #PiliPinasDebates https://t.co/Ix0E86uTqE #PHVote https://t.co/GonhVMLm2g
597,PTVph,#PiliPinasDebates VP LEG: Itinulak ko ang interes ng sambayanan. Pinamunuan ko ang imbestagasyon. - Sen. Sonny Trillanes
598,FlowGalindez,@TrillanesSonny wants to focus on peace and order/ fight drugs #PiliPinasDebates @cnnphilippines
599,djredofficial,#PilipinasDebates via CNNPh sa ating Channel 9 ng SADECO AT AKMPC https://t.co/gCDu0nBIsC
600,rapplerdotcom,Marcos: Kailangan natin ang lider na tapat sa pagsilbi. #PiliPinasDebates https://t.co/Ix0E86uTqE #PHVote https://t.co/x2Sdi7h862
601,PTVph,"#PiliPinasDebates VP LEG: Boses niyo na lahat ang aking pinapakinggan. Panata ko, pamumuno na may inspirasyon at... https://t.co/e8CDFPrYtg"
602,krssstyncrimen,don't me leni hahaha #PiliPinasDebates
603,antonisthename,Oh it is on!!! #PiliPinasDebates
604,krssstyncrimen,ang bastos ng ibang audience <ed><U+00A0><U+00BD><ed><U+00B9><U+0084> matutong rumespeto <ed><U+00A0><U+00BD><ed><U+00B9><U+0084> jusq #PiliPinasDebates
605,rapplerdotcom,WATCH: Protesters interrupt Marcos during the VP debate. #PiliPinasDebates https://t.co/Ix0E86uTqE #PHVote https://t.co/Hw5iHbFWoF
606,jolojose,Omg hecklers #PiliPinasDebates
607,PTVph,#PiliPinasDebates VP LEG: Ang kailangan natin lider na hindi namumulitaka. Kailangan natin tapat na lider. - Sen. Ferdinand Marcos
608,CherysseLei,ang wild naman ng fans ni bongbong parang gagooooo #PiliPinasDebates2016 #PiliPinasDebates
609,aimeelouise017,Uh-oh #PiliPinasDebates
610,CherysseLei,grabe naman yung mga tao oh kinginaaaaa pagsalitain niyo #PiliPinasDebates2016 #PiliPinasDebates #PHVote #VotePH2016
611,brazendynamo,please escort the entire audience out of the venue #PiliPinasDebates
612,claireraip,Mamaya na reaksyon. Respeto naman. #PiliPinasDebates
613,maxiinegarcia,ano channel ng #PiliPinasDebates
614,stevensonyu_,Huy what are they shouting? #PiliPinasDebates
615,PTVph,#PiliPinasDebates VP LEG: Sen. Ferdinand Marcos's opening statement is interrupted by hecklers.
616,claireraip,"Grabe, kayo kay Bongbong Marcos #PiliPinasDebates"
617,rapplerdotcom,Honasan: I will help anyone who will build for the future. #PiliPinasDebates https://t.co/Ix0E86uTqE #PHVote https://t.co/CeeQLvB0ar
618,PTVph,"#PiliPinasDebates VP LEG: I will work for peace, security and prosperity. Sen Gringo Honasan"
619,peekcaboo,Takeaway from Gringo Honasan's speech: He's old and helpful. #PiliPinasDebates
620,NewsCentralPH,Honasan: I will bring the courage of my convictions to make things happen. #PiliPinasDebates
621,EverteStatumXX,"""Hindi ako magnanakaw"" -Chiz. Sounds like Mar. :D #PiliPinasDebates2016 #PiliPinasDebates"
622,rapplerdotcom,"Escudero on service, leadership: Dapat pantay, walang pinipili. #PiliPinasDebates https://t.co/Ix0E86uTqE #PHVote https://t.co/TibBSArLcJ"
623,PTVph,"#PiliPinasDebates VP LEG: Pinapangako ko po, hindi ako magnanakaw. Sen. Chiz Escudero"
624,mohdsarj1,Sen. Peter Cayetano on pastor mode. #PiliPinasDebates #PHVote
625,virmasimonette,.@SayChiz: Ang kahirapan walang pinipiling partido. Ang pangangailangan walang pinipiling kulay. #PiliPinasDebates
626,PTVph,"#PiliPinasDebates VP LEG: Ang paninilbihan namin ni Sen. Grace Poe ay pantay at parehas, walang kinikilingan. - Sen. Chiz Escudero"
627,PaulBautista28,Nw: Vice Presidential Debates #PilipinasDebates
628,_josiahalbelda,Sana ngayon na delay yung debate. Hehe. Sarap panoorin both #AteneoLaSalle and #PiliPinasDebates.
629,baysdandako,"sino po yung ubo ng ubo? 
#PiliPinasDebates"
630,NewsCentralPH,Escudero: Ang kahirapan walang pinipiling partido. Ang pangangailangan walang pinipiling kulay. #PiliPinasDebates
631,PTVph,#PiliPinasDebates VP LEG: Sa pamamahala ng Duterte-Cayetano ipaglalaban namin kayo. - Sen. Peter Cayetano
632,LordKdetros,We elect VPs thinking that they can be Presidents. Vote w that in mind. #PilipinasDebates #VP
633,rapplerdotcom,Cayetano: The elections are about you. #PiliPinasDebates https://t.co/Ix0E86uTqE #PHVote https://t.co/kQTIGJ63NC
634,chua_chups,Whoo lez do this! #PiliPinasDebates
635,panotesmilo,#pilipinasdebates https://t.co/vqgLDITeH3
636,PTVph,"#PiliPinasDebates VP LEG: Ang election is about you. Kayo dapat ang sentro ng election.  Panay Marcos, Cojuanco,... https://t.co/EuwPUZQ3MU"
637,DerechoSantugon,Live stream of the vice presidential debate can be accessed through this link: https://t.co/0wPtYPX8Ih #PiliPinasDebates
638,NewsCentralPH,Cayetano: Interes ng mamamayan o interes ng iilan? The election is about you. #PiliPinasDebates
639,NewsCentralPH,Cayetano: No one can serve two masters. You cannot serve God and money. Ganyan din sa public service. #PiliPinasDebates
640,rapplerdotcom,VP candidates need to answer this question in their opening statements. #PiliPinasDebates https://t.co/Ix0E86uTqE https://t.co/CYivnsqk26
641,PTVph,#PiliPinasDebates VP LEG: What will define your leadership as Vice President?
642,juncipop,Kj ng hosts ayaw magtagalog #PilipinasDebates
643,CherysseLei,paano mo ipagtatanggol sarili mo sakanila bongbong? #PiliPinasDebate2016 #PHVote #PiliPinasDebates
644,BonneAppetit,#PiliPinasDebates Let's hear the VP's
645,paulmpasion,Ganda ni @iampinkywebb #PiliPinasDebates #
646,Amandamaziiing,Now watching #PiliPinasDebates
647,TheLANCELetran,The six VP candidates are now onstage. #PiliPinasDebates
648,kvnd_,"#PiliPinasDebates for VPs now. Rooting for Cong. Robredo, hope she doesn't disappoint."
649,iamthemis,Pinky Webb #PiliPinasDebates
650,panotesmilo,Yung nanunuod ka ng #PilipinasDebates tapos katabi mo si Sen. Binay at ex Mayor Binay.
651,MovePH,"The VP candidates are now onstage! #PiliPinasDebates 
LIVE: https://t.co/MyrlLKxni7 #PHVote"
652,vbajr_,"I hope this debate will expose a great
clarity of distinction among the
candidates for they're all legislators. #PilipinasDebates"
653,PTVph,#PiliPinasDebates VP LEG: Rules of the Debates now being announced.
654,rapplerdotcom,The VP candidates are now onstage. #PiliPinasDebates https://t.co/Ix0E86uTqE #PHVote https://t.co/aSzQdKTe4d
655,menorah73,Go Cayetano! #PiliPinasDebates
656,PTVph,#PiliPinasDebates VP LEG begins.  Six Presidentiables now being instroduced. Watchout for our live updates and tweets.
657,dyne_otida,leggo ! #PiliPinasDebates
658,iamrenzoflores,The Vice Presidential Debate is now airing at CNN Philippines. #PiliPinasDebates
659,thekikomachine,Vice presidential #PILIpinasdebates live from UST Quadripav on CNN Phillippines Ch 14. Still undecided on my veep. #Cayetano or #Robredo
660,PieJhayGuapo,"Vice presidential debates! Go mg Emil James P. Tanagon and Randolf Jay Aguinaldo Balon haha!

#PiliPinasDebates"
661,jayeel_cornelio,So far so good! Sociologists on a roll! #PiliPinasDebates https://t.co/0ZoVYhONQN
662,JCaparino,Dapat masilip ito sa #PilipinasDebates2016 #PilipinasDebates. https://t.co/6PHmpZdi7Z
663,IamMarkRoma,#PiliPinasDebates in a few :)
664,boroacay,"""These debates are geared towards improving our country's political discourse"" #PiliPinasDebates #ITMMakeAChoiceHaveAVoice @ideasmatterUST"
665,PTVph,"#PiliPinasDebates VP LEG: Following the #PacBradley 3 fight, the only Comelec-sanctioned Vice Presidential... https://t.co/wdmORCNEJP"
666,jewwwic,Undecided of whom to vote from the VPresidentiables. Can't wait for #PiliPinasDebates
667,zooeylyn,"Curato: This is the only opportunity to compare the track record of the candidates
#TheFilipinoVotes #PilipinasDebates"
668,alflorencealbo,I can't watch #PiliPinasDebates VP right now pero #LeniIsMyVP pa din!!
669,newsteam_13,"Chairman Andres Bautista, arrives with his son. 1hour to VP Debate #PilipinasDebates https://t.co/qzbhnPzmSC"
670,newsteam_13,Sen. Antonio Trillanes IV arrived shortly after Marcos. All VP Candidates now present. #PilipinasDebates https://t.co/elA6tdhTfL
671,PTVph,"#PiliPinasDebates VP LEG: All six Vice Presidentiables now in UST grounds. Order of arrival: 
Sen. Gringo Honasan... https://t.co/YGCeZ5Jc4s"
672,pexpinkprint,Ayyy cutieee ng mga anak ni Bongbong ohhh.. <U+2764><U+2764> #PilipinasDebates https://t.co/foq6QGfyKg
673,newsteam_13,"Sen. Bongbong Marcos, 5th to arrive for the VP Debate, accompanied by wife and sons. #PilipinasDebates https://t.co/oMtI0hClD8"
674,newsteam_13,"Sen. Gringo Honasan who arrived earliest, pose for media. #PilipinasDebates https://t.co/9FHmMOUAKP"
675,fanstatic,Ilan oras na lang VP Debates #PiliPinasDebates #BBM2016
676,anarchkiss,@SenGracePOE @Team_GracePoe @MARoxas #PHVotePoe #PHVoteRoxas #PHVoteBinay #PiliPinasDebates #PacBradley https://t.co/xvUAjh8Nk8
677,newsteam_13,"Dir. James Jimenez, speaking with some of the media present for the VP Debates #PiliPinasDebates https://t.co/bWurfR3yFa"
678,LiberalPH,Let's show support for @lenirobredo in this afternoon's VP debate by using #LeniIsMyVP #PiliPinasDebates https://t.co/xAKUlMrY0q
679,aldhen__,Don't forget to watch the first VP Debates live at UST with @cnnphilippines as its moderator. @JosephCataan #PiliPinasDebates
680,kenmarquez8,"anong oras po ang VP debate at saan po mapapanood?

#Halalan2016 #PiliPinas2016  #PiliPinasDebates"
681,Keniji,Will take a nap muna before the #PiliPinasDebates later #lolofeels
682,PirtiKaEmotero,"THERE WAS NEVER AN US!!

NOW SHOWING!! #PacBradley #PiliPinasDebates #Halalan2016 #PHVoteDuterte"
683,racelanj,Cayetano has arrived #PiliPinasDebates
684,Tinyap_,Get to know more abt our VP candidates! #ITMMakeAChoiceHaveAVoice #PiliPinasDebates @GilGarciaVelez @ideasmatterUST  https://t.co/NsFZxPJLJB
685,paulinaalano,Anong oras ba ang debate? #Halalan2016 #PiliPinasDebates
686,kiannaalzina,#PiliPinasDebates ngayon pala to! Tas UST host :D nice one! Im otw home nuod na this!
687,OfficialSenPia,"Let's support @RRD_Davao's runningmate and our VP bet, Sen @alanpcayetano mamaya na! #PiliPinasDebates #cayetanovpko https://t.co/6FCfSRbhZj"
688,mikaelaconcha12,VP debate later @5PM #PiliPinasDebates
689,jongmutia024,VP Debates today at 5pm on @cnnphilippines #PiliPinasDebates
690,justrolhan,Bet ko si Grace Poe at Leni Robredo. #PiliPinasDebates
691,NicoleCurato,"Getting ready for #PiliPinasDebates @cnnphilippines :-) How's it going over there, @jayeel_cornelio?"
692,startattle,Dingdong Dantes resigns from NYC to campaign for Robredo https://t.co/3JMm5u6HBa #PiliPinas2016 #PiliPinasDebates https://t.co/VCK17wrlmn
693,indayevarona,"You ignore, they will triumph. Ignoring is what @bongbongmarcos wants. #NeverAgain #NoMoreMarcos #PiliPinasDebates  https://t.co/PtD8q9yhdm"
694,GabbsPitargue,Waiting for the Vice Presidential Debates . #PiliPinasDebates
695,jethrovalenton,parang gusto ko manuod ng debate ngayon for VP. #VotePH2016 #PiliPinasDebates
696,indayevarona,"WATCH @ColmenaresPH tortured at 18. Paradise ka dyan, @bongbongmarcos #PiliPinasDebates  https://t.co/xZSecQf1ss https://t.co/cEfohCa8gN"
697,eiraye,Will tonight's VP #PiliPinasDebates be broadcasted on the radio? @cnnphilippines @rapplerdotcom #InTransitProbs
698,anarchkiss,@noynoyaquino knows nothing except when it's about the Marcoses and Gloria. #PiliPinasDebates #PHVoteRoxas https://t.co/izSCZJYbom
699,indayevarona,TORTURED AT 18 @bongbongmarcos And you say it was paradise? #NeverAgain #NoMoreMarcos #PiliPinasDebates @joel_salud  https://t.co/fmrbr2fZga
700,janinesaga,Rooting for Robredo and Cayetano for the VP debates later. #PiliPinasDebates #PiliPinas2016
701,pama_pil,"Poverty incidence among fishers should be part of the VP debate agenda.

#PiliPinasDebates"
702,SubSelfie,"After #PacBradley: 6 VP candidates will face off with each other in the 3rd  #PiliPinasDebates

FYI: VP's JD https://t.co/5QQJl7LuWS"
703,bongordanezajr,"Human sa #PacBradley duel, Vice-Presidential #PiliPinasDebates 2016 na pud ang bakbakan unya, 5 PM sa CNNPhils. https://t.co/F40keQYEq6"
704,paperbackhead00,Bakit kaya nagkasabay pa yung #ADMUvsDLSU game and VP #PiliPinasDebates mamaya? Hay tapos may patient pa ako that time why world why
705,ehcelhurns,"Sa mga undecided pa sa VP nila diyan, like me, mahalagang panoorin natin ang #PiliPinasDebates mamayang 5pm sa abscbn. Basta no to BBM agad."
706,DexGalban,Must finish by 5 PM. Can't wait to watch &amp; root for my VP. Selecting one was much easier than choosing a presidentiable. #PiliPinasDebates
707,arbuesisha,#PiliPinasDebates na ulit mamaya! Sana masimulan at matapos ko na ngayon. Hindi yung matatapos na o kaya naririnig ko lang haha.
708,MediaNewserPhil,"Learn more about @amelynveloso, one of the anchors of @CNNPhilippines' pre- &amp; post-debate shows. https://t.co/NM50ZtvPvW #PiliPinasDebates"
709,rennoahyhanne,"Yung commercials ng politicians between #PacBradley fight, napag uusapan tuloy sino iboboto <ed><U+00A0><U+00BD><ed><U+00B8><U+0082><ed><U+00A0><U+00BD><ed><U+00B8><U+0082>
#PiliPinasDebates 
#PiliPinas2016"
710,beaatuason,Reminder to general public: Taking of videos during the debate is prohibited inside the venue #PiliPinasDebates @ABSCBNNews
711,JLDejesusINQ,Throngs of supporters of VP candidates lined up outside UST QPav. Only 900 seats allotted for them #PiliPinasDebates https://t.co/IWhA21UzGf
712,newsteam_13,Backdrop for red carpet of VP Candidates. #PiliPinasDebates https://t.co/nHbrK3d3Sa
713,feonaimperial,Supporters of VP bet Sen Bongbong Marcos flock to UST for #PiliPinasDebates @verafiles #phlvote2016 https://t.co/XUsMsovLvo
714,fun2Bjary,Sana makapanood ako ng #PiliPinasDebates mamya #ABSCBNNEWSFABRICATOR
715,Kenobishinobi,"we need a passionate public servant, not a  politician #PiliPinasDebates #PHVote"
716,newsteam_13,"Media, setting up near the entrance for VP Debate here at UST #PiliPinasDebates https://t.co/JGBy1JARx3"
717,leo_peeta,"In exactly 2:58 minutes, the vice-presidential debates on @cnnphilippines will commence.. #PiliPinasDebates"
718,akosijtf09,#BBM4VP #YouthForBBM #TayoAngBukas #ProgresiBongBukas #PiliPinasDebates https://t.co/AXiMsIXBlp
719,sctr1francis327,"#PiliPinasDebates bukas...... sana makaabot ng maaga bukas

#VicePresidents naman"
720,PHINews1,SC grants @rapplerdotcom petition to be allowed to livestream the #PiliPinasDebates organized by other media orgs. | via @VinceNonato
721,PHINews1,SC decision to allow @rapplerdotcom broadcast of #PiliPinasDebates immediately executory | via @VinceNonato
722,JhuurRhiiyna,APRIL 24. ABANGAN ANG PILIPINAS DEBATES 2016 SA ABS-CBN. <ed><U+00AE><U+00BA><ed><U+00B0><U+009C><ed><U+00AE><U+00B8><ed><U+00BC><U+00B5> #PiliPinasDebates #DU30 <ed><U+00AE><U+00BA><ed><U+00BE><U+0096>
723,bworldph,SC decision to allow @rapplerdotcom broadcast of #PiliPinasDebates immediately executory | via @VinceNonato
724,VinceNonato,SC decision to allow @rapplerdotcom broadcast of #PiliPinasDebates immediately executory @bworldph
725,bworldph,SC grants @rapplerdotcom petition to be allowed to livestream the #PiliPinasDebates organized by other media orgs. | via @VinceNonato
726,VinceNonato,SC grants @rapplerdotcom petition to be allowed to livestream the #PiliPinasDebates organized by other media orgs. @bworldph
727,coredynamicsPH,Get to know the VP candidates. #PiliPinasDebates #VPfor2016 https://t.co/af7Hl9bjfM
