UPLBOfficial,#UPLB Timeline and Highlights! https://t.co/6cB4Y4L3Iw
UPLBResearch,BT Talong and Sinta Papaya are featured in one of the short videos for #UPLB's 107th Foundation Day! https://t.co/SIxybJYcbq
UPLBResearch,One more day to go before #UPLB's 107th Foundation Day! https://t.co/Alf0u69vtj
UPLBOfficial,#UPLB 107th Foundation Day Trivia Number 11! https://t.co/tqedAPfNOA
UPLBOfficial,One more day til #UPLB's 107th Foundation Day! https://t.co/y4h1zlcw3x
SeventhSeraph,"<ed><U+00A0><U+00BD><ed><U+00B3><U+0091><ed><U+00A0><U+00BD><ed><U+00B3><U+009A> And so it begins. 

#UPLB
#eMBeBeh 
#14UnitsPa
#Bidabida
#MBB201
#MBB211ﾅ https://t.co/ppeH7qY8f9"
UPLBOfficial,#UPLB 107th Foundation Day Trivia Number 10! https://t.co/ONLOwuuNdB
TheAltPH,"Toto Madayag, creator of Libreng Komiks, at his table during #Elbikon2016 in #UPLB. Photo by:ﾅ https://t.co/IgffLPYfpS"
TheAltPH,An artist draws on a piece of paper by his table during #Elbikon2016 at #UPLB. Photo by: Kimmyﾅ https://t.co/4FW0yf7Kq6
TheAltPH,At the table of Rainbow Pages Comics during #Elbikon2016 at #UPLB. Photo by: Kimmyﾅ https://t.co/3UNwV0oqLP
TheAltPH,Get ready for a night of comedy at #UPLB!  https://t.co/Oa1mZ6Ii3b #ComedyManila #standupcomedy #elbi #LB #comedy #Pinoycomedy
UPLBOfficial,#UPLB 107th Foundation Day Trivia Number 11! https://t.co/vyBhofjto6
renzsucaldito,"Liwanag sa dilim
Tanglaw sa kulimlim
<U+2601>
#UPLB #campusphotowalk #photowalk @ University of theﾅ https://t.co/jOEfxenL8A"
UPLBOfficial,Timeline and Highlights: #UPLB as a Graduate University https://t.co/UbvztAP97N
UPLBOfficial,"""Last 27-28 February 2016, #UPLB joined Urban Agriculture 2016 at Trinoma, Quezon City. UPLB showcased various... https://t.co/82WwY3Aq11"
aeginps7,#UPLB https://t.co/T5X4bCdDTO
UPLBResearch,Congratulations to our #UPLB Outstanding Personnel for 2016! https://t.co/KumDsuGhMP
UPLBOfficial,#UPLB Timeline and Highlights! https://t.co/MyROX5XuDQ
iamjasminpayne,"I did my best, but I guess my best wasn't good enough <ed><U+00A0><U+00BD><ed><U+00B8><U+00AD> Yesterday's Game 3 <ed><U+00A0><U+00BD><ed><U+00B1><U+008E> #uplb #duckpinﾅ https://t.co/eHZXlgHct1"
ianlopez1115,Back @ El Burrito. At the top since mid-November. #UPLB https://t.co/l7XJCuw7h2
pammsamson,It's a paradise and it's a warzone. #UPLB @UPLBOfficial hahaha hayy
ConceptGrp,JUST IN: Courtesy call of @bongbongmarcos and @MartinRomualdez at the #UPLB Office of the Chancellor https://t.co/uwJ8xuPvEU
UPLBOfficial,2 days to go til #UPLB's 107th Foundation Day! https://t.co/0WbbTN7ty8
fauxillustrado,Sinong nakakaalam kung bakit nandito si #BongBong #Marcos sa #UPLB?? Makiki-share naman ng info oh. Nakaka-agit yung presensya niya
UPLBOfficial,Congratulations to all our #UPLB Awardees! https://t.co/qqfEZqWxKQ
uplbovcca,JUST IN: Courtesy call of @bongbongmarcos and @MartinRomualdez at the #UPLB Office of the Chancellor https://t.co/ub2fhRfcHx
UPLBOfficial,Two more days to go til the #UPLB 107th Foundation Day! https://t.co/HzzaXq8fPD
cha_banares,Bongbong Marcos at Chancellor's office #UPLB
UPLBOfficial,"Important Traffic Advisory for #UPLB's 107th Foundation Day this coming March 4, 2016. https://t.co/wgq3mTewdF"
UPLBOfficial,"Important Traffic Advisory for #UPLB's 107th Foundation Day this coming March 4, 2016."
TheAltPH,An attendee writes on the Freedom Wall during #Elbikon2016 at #UPLB. Photo by: Kimmyﾅ https://t.co/Uml1R4NZno
TheAltPH,Members of glgcomics man the information corner during #Elbikon2016 at #UPLB. Photo by: Kimmyﾅ https://t.co/lMrMJsa5CR
TheAltPH,Art works by members of glgcomics are laid out on a panel during #Elbikon2016 at #UPLB. Photoﾅ https://t.co/KNvfreWtjh
kristina_corgi,#VSCOcam #VSCOph #UPLB @ University of the Philippines Los Ba�os https://t.co/7dRu0fAXcw
UPLBOfficial,#UPLB 107th Foundation Day Trivia Number 10! https://t.co/nU9loSksEK
UPLBResearch,"Let's make this a Wednesday habit, #UPLB! :) https://t.co/IN5x7HUnnU"
UPLBResearch,The #UPLB Natural Products Program will hold a Seminar Series on Natural Products - with focus on drug discovery... https://t.co/UCWp7NPCxe
SeventhSeraph,"Finally, I can now rest!... Just kidding <ed><U+00A0><U+00BD><ed><U+00B8><U+0082>

#UPLB
#eMBeBeh 
#MBB201 @ ACCI Dormitory https://t.co/OIEqBPxjd6"
uplbovcca,#UPLB spearheads commemoration of Los Banos Raid https://t.co/930euLVMHt https://t.co/ozoLRkSxs9
UPLBOfficial,"#UPLB, through the UPLB Office of the Vice Chancellor for Community Affairs - OVCCA supports the Bureau of Fire... https://t.co/XAbP1uyTnA"
UPLBOfficial,3 days to go til #UPLB's 107th Foundation Day! https://t.co/ps3dVfmPfd
uplbovcca,#UPLB supports the Los Banos BFP in celebrating Fire Prevention Month in March 2016. https://t.co/nKerDvIXAy https://t.co/cAuafThV4h
uplbovcca,"#UPLB's hostel, managed by the BAO, is named after her https://t.co/zx10b5xWQ7 https://t.co/3Wy08Ea8CW"
UPLBOfficial,#UPLB 107th Foundation Day Trivia Number 9! https://t.co/UslDd4ZBOf
reginabeth,Coming home from work and this was waiting for me #proudmama #iskolarngbayan #UPLB #Mondayﾅ https://t.co/cGB5MwWlC2
Clariszxc,Memories with this girl. &lt;3  #UPLB Mahal na mahal ko to e. @Theheidier_ https://t.co/W5YIvlEt0x
uplbenactus,"Ito yung legit na ""you raise me up""  #forestry #uplb

photo (c) https://t.co/CWqsjMTEX8 https://t.co/oh9mK7XoFS"
m_kale25,Clouds over woods #MichTures #UPLB https://t.co/Hg6WTdGp8C
m_kale25,Outside the window #UPLB #Brownouts https://t.co/hwC108z2qj
UPLBOfficial,4 days to go til #UPLB's Foundation day! https://t.co/2KVUieO1y7
UPLBOfficial,Four (4) days to go til the #UPLB 107th Foundation Day! https://t.co/TGFvFTOLCt
UPLBOfficial,#UPLB Foundation Day Trivia Number 8! https://t.co/8mspCrjb6K
retz09,Anyohaseyo! #retzexplorer  #foodpamore #foodtrip  #nextstop #kfood #uplb #sansunod https://t.co/NVsHMCvCbH
roanDoffwood,"Unang parada para sa unang pangarap. Iba ka, UPLB ROTC! <ed><U+00A0><U+00BD><ed><U+00B2><U+0082><ed><U+00A0><U+00BD><ed><U+00B2><U+0082><ed><U+00A0><U+00BD><ed><U+00B2><U+0082><ed><U+00A0><U+00BD><ed><U+00B2><U+0082><ed><U+00A0><U+00BD><ed><U+00B2><U+0082>#MASIDHI2016 #UPLB #ROTC #RAATI2016 https://t.co/ZYt5IdeoZE"
SeventhSeraph,"Room 9 sari-sari store... Charot!!! <ed><U+00A0><U+00BD><ed><U+00B8><U+0082>

#UPLB
#LowerACCI
#DormLife
#Room9 @ ACCI Dormitory https://t.co/tArwNPE1iv"
heydoyouloveme,Can't hide my chubby cheeks. Lol. #throwback #pop #uplb https://t.co/6bDOe499ji
Tarictichornbil,Honey! Buzzard! UPLB Ornithology class avilonzoo #uplb #ibsuplb https://t.co/Jzh9ZlKr9x
Tarictichornbil,UPLB Ornithology class visits the majestic Philippine Eagle napwc #ibsuplb #uplb https://t.co/mnQFxfryxa
Tarictichornbil,UPLB@BMB #uplb #ibsuplb https://t.co/j7zeCjtsBn
arijiayeni,From LRP to RIP. #UPLB #Eng2 #UP
UPLBOfficial,"Dr. Enrico Supangco, Dean of College of Agriculture, talks about the #UPLB 107th Foundation day at ANC Dateline... https://t.co/FzhGfDckW7"
UPLBOfficial,"#UPLB's Dr. Enrico Supangco, Dean of College of Agriculture, coming up next on ANC Dateline Philippines!"
UPLBOfficial,5 days to go til #UPLB's Foundation Day! https://t.co/3EEEHJzrC0
kikojundak,Ang baga ng signal ng #globe data dito sa los ba�os #laguna #uplb #bagalngglobe
UPLBOfficial,"Catch Dr. Enrico Supangco, Dean of College of Agriculture, talk about the #UPLB 107th Foundation day at ANC Dateline Philippines, 12nn."
Tarictichornbil,Macrobotrys blooms at UPLB MNH #uplbmnh #uplb #jadevine @ UP Los Ba�os Museum of Natural History https://t.co/FFjzELQZwZ
jcgranada,"Ahhhhh..fresh air
#vsco #vscocam #vscogood #uplb #saturyay @ UPLB Campus https://t.co/FgXhTnxBep"
officialmarkG,"I am a RICEponsible <ed><U+00A0><U+00BD><ed><U+00B8><U+0081><ed><U+00A0><U+00BD><ed><U+00B8><U+0081><ed><U+00A0><U+00BC><ed><U+00BC><U+00BE><ed><U+00A0><U+00BC><ed><U+00BC><U+00BE><ed><U+00A0><U+00BC><ed><U+00BC><U+00BE>
#IRRIMuseum #RiceProducts #UPLB #OJT #TeamLAGUNA #Travel https://t.co/zU1p7647CX"
njsaludares,"Lakas ng kabataan.
Tunay. Palaban. Makabayan.

#UPLB
#EDSA30 

cto https://t.co/ViQx0JBAFc"
officialmarkG,"Hello from the other side.! <ed><U+00A0><U+00BD><ed><U+00B8><U+0081>
#UPLB #OJT #teamLAGUNA #Travel https://t.co/QWzT78PPDO"
officialmarkG,"The Oblation.<ed><U+00A0><U+00BD><ed><U+00B8><U+0081>
#UPLB #OJT #TeamLAGUNA #Travel https://t.co/6PgAEBPC61"
officialmarkG,"S A W A D E E ' K A  <ed><U+00A0><U+00BD><ed><U+00B9><U+008F>
#UPLB #OJT #teamLAGUNA #Travel https://t.co/CshR7wz6Yz"
yeyitszyra,"Bored... 

[#vsco #vscocam #vscoph #vscoian #uplb #instamood #instagood #instadaily #shoefie] https://t.co/icIBm04Km8"
glyphjadee,"There you go. Exam week is coming. 
#iska  #uplb   #hell  #weekﾅ https://t.co/2ZbqFHd6gr"
kerbsbalagtas,#KerbsBalagtasVideography <ed><U+00A0><U+00BC><ed><U+00BE><U+00A5> #UPLB #rogue2016 #Event #Party #Chaos #COD #Manila https://t.co/OnuM8XV4Dw
UPLBOfficial,6 days to go til #UPLB's 107th Foundation Day! https://t.co/seKnNyWVSY
SeventhSeraph,"Unplanned tour <ed><U+00A0><U+00BD><ed><U+00B8><U+0084>

#UPLB
#MNH @ UP Los Ba�os Museum of Natural History https://t.co/n5cfBBePXj"
AlberyHere,"As soon as we're here, there is
<U+26D4> D A N G E R <U+26A0>
#fierce #vanity #criminals #uplb #upsorsogue�os https://t.co/ZFVHtxilmv"
francescamiriam,Dinner upgrade from Ken's to Yabu. <U+2764> #PaydayFriday #YabuPH #UPLB #college #Mernels #simplertimesﾅ https://t.co/82K5y2jnd6
SeventhSeraph,"Unplanned (thus, spontaneous) gala!  <ed><U+00A0><U+00BD><ed><U+00B8><U+0084>

#UPLB
#LowerACCI 
#SquadGoals 
#MNH @ UP Los Ba�os� https://t.co/uu8kNXcBoO"
UPLBOfficial,#UPLB 107th Foundation Day Trivia Number 9! https://t.co/NgsbXuwqap
UPLBOfficial,#UPLB 107th Foundation Day Trivia Number 7! https://t.co/nMTJX9abpU
UPLBOfficial,"[#UPLB Job Opening] One (1) Faculty Position under Crop Science Cluster, College of Agriculture

See MORE JOB... https://t.co/gI0otlT7aK"
UPLBOfficial,7 days to go til #UPLB's 107th Foundation Day! https://t.co/6n3obw3Ql3
devcom,Happening now: Round Table Discussion with Dr. Guy Bessette on ﾑEnhancing CDCﾒs Graduate Programsﾒ #uplb #devcom #RTD
UPLBResearch,@UPLBOfficial @upsystem will be at Trinoma this coming weekend! #UPLB @manila_bulletin https://t.co/9LWpjWqnxs
UPLBResearch,"Join #UPLB this coming weekend at the Trinoma activity area! We will be displaying SNAP Hydroponics, IPB seeds,... https://t.co/4Gisb9xVxa"
devcom,"[#Award] GJSM named as #UPLB outstanding #teacher, https://t.co/tVjCmsQhbp #OTA #outstandingteacher #devcom"
PatchDhiren,#ASM #UPLB #AweSoMe https://t.co/E8HJPz7yMb
nisafudge,when your university looks like a painting #uplb https://t.co/F0faJCP3OA
kaliwangkamay,#uplb #physci https://t.co/XUiQhuoFEF
UPLBOfficial,#UPLB 107th Foundation Day Trivia Number 8! https://t.co/ZIXbw2hkJy
dr_joselle,Always open. #Shinto #uplb https://t.co/xNozr80T0c
UPLBOfficial,8 days to go til #UPLB's 107th Foundation Day! https://t.co/3YtVlQ84Z8
humus_atlan,Meeting with the MSPC officers. #MSPCALABARZON #UPLB https://t.co/ZLSrcLzrnj
kaliwangkamay,#uplb https://t.co/QR0AnO0Krm
DsRol07,"UPLB Engineering Society (Photo Essay Contest) ! Goodluck saken. *u* #Photography #UPLB 
Goodluck din sa mga kasama ko ;)"
kaliwangkamay,Under your loving arms. #uplb @ University of the Philippines Los Banos Main Library https://t.co/mrmqYn4D4I
dr_joselle,Tibay mo. #uplb #fertilitytree https://t.co/vvrAVbiukt
kaliwangkamay,The roots are up above. #freedompark #uplb https://t.co/f3SIMRsK7S
kaliwangkamay,Ang lungga ng mga tibak na estudyante. seiruh #uplb #studentunionbuilding https://t.co/hAxXq34duf
kaliwangkamay,I think that I shall never see a poem as lovely as a tree. #uplb #freedompark https://t.co/R6mkvaodwG
kaliwangkamay,Is it summer already? The Freedom Park is starting to turn gold. #freedompark #uplb  seiruh https://t.co/N6sNFASIGV
kaliwangkamay,Makabili nga ng Bluebook. #uplb seiruh https://t.co/fwo735Kd6I
UPLBOfficial,#UPLB 107th Foundation Day Trivia Number 7! https://t.co/7ANOZfp4vX
iEarlVincent,"Psalms 33:5
The LORD loves righteousness and justice; the earth is full of his unfailing love. <ed><U+00A0><U+00BD><ed><U+00B8><U+008A><ed><U+00A0><U+00BD><ed><U+00B2><U+009C> #UPLB #ChemEng https://t.co/3rGU0k8B8T"
kaliwangkamay,Tambayan. #upcatlb #upcatlbtambayan #uplb https://t.co/LJvrCVwYnj
kaliwangkamay,I'm home. #uplb https://t.co/BERESCMYDs
kaliwangkamay,One of the old building in #uplb that was lost in a fire decades back is now restored. https://t.co/0L7GV6n0XP
kaliwangkamay,Ang Magsasaka. #uplb https://t.co/S8ZMQBkfHB
UPLBOfficial,#UPLB 107th Foundation Day Trivia Number 6! https://t.co/iRPP2gsorb
UPLBOfficial,#UPLB Chancellor Sanchez inducts new public info associates https://t.co/TE3ml0Pta3 https://t.co/ImY8Ctz0no
UPLBOfficial,#UPLB Chancellor Sanchez inducts new public info associates... https://t.co/v3IgEaVgiE
anagology,Nakakangilid ng luha nung inabot ko kay Mam Donna ung farewell gift ko sa kanya :( #bestdormmanager #womensdorm #uplb
anagology,"'Iskolar ng Bayan, tayo ay lumalaban!' medj natempt akong sumama #UPLB #Walkout https://t.co/lUezl1hjT2"
UPLBOfficial,9 days to go til the #UPLB 107th Foundation Day! https://t.co/rwO2sPmXJ8
UPLBOfficial,9 days to go til #UPLB's 107th Foundation Day! https://t.co/MZ3pQ4wwhN
UPLBOfficial,9 days to go til #UPLB's 107th Foundation Day! https://t.co/iYfKmlSVly
UPLBOfficial,Participants at the Oath taking of Public Info Associates &amp; Seminar on Improving Institutional Visibility of #UPLB. https://t.co/Xb5ukWx1t8
UPLBOfficial,Oath taking of Public Information Associates &amp; Seminar on Improving Institutional Visibility of #UPLB https://t.co/MVEEDU70a3
cinnamorollic,"Feb Fair with UP Mi-abeyabe  <ed><U+00A0><U+00BD><ed><U+00B8><U+0084> (2/2)

#uplb #uplbfebfair #upmiabeyabe #vsco #vscocam #igdailyﾅ https://t.co/JvY7RmBJlE"
WEENAbanana,Pegaraw! #elbi #vscocam  #vscophile #uplb https://t.co/v0FtILosM7
mrienmontecalvo,RECEPTION DINNER. <ed><U+00A0><U+00BD><ed><U+00B2><U+009F> #apfw2016 #philippines #indonesia #japan #cmu #uplb #ifsa https://t.co/j98nrZ63R4
jenperez__,"Brace yourselves, Duterte will be coming. #uplb"
clintzoned,"UPLB Student in a nutshell
#uplb #legit https://t.co/Bt4gGEfc3B"
UPLBOfficial,#UPLB 107th Foundation Day Trivia Number 6! https://t.co/1tqgoUHyPF
aeginps7,#UPLB https://t.co/syNz4nKcfZ
UPLBOfficial,#UPLB 107th Foundation Day Trivia Number 5! https://t.co/qwfIISIKVH
xiopao02,"Matchy-matchy with the wall <ed><U+00A0><U+00BD><ed><U+00B8><U+0084><ed><U+00A0><U+00BD><ed><U+00B8><U+0084>
(c) angelikacapili

#ginhawaasianartcafe #uplb #wallﾅ https://t.co/tFW6oRdLc9"
UPLBOfficial,10 days to go til #UPLB's 107th Foundation Day! https://t.co/hROFmZ0kjC
UPLBOfficial,"Chancellor Fernando C. Sanchez Jr., along with other representatives from #UPLB  and SEARCA met with Mr. Hisaya... https://t.co/NLfyitkC2j"
angelica_VIP,#Congratulation to my #sister #erikabianca for making it in list of honor roll at #UPLB and toﾅ https://t.co/ZvgjnMVv9q
