UPsaHalalan,PHOTOS: UP sa Halalan: #DuterteVisitsUPLB https://t.co/i7Kaavg67Y via @UPLBOfficial #PHVoteDuterte #PiliPinas2016 https://t.co/za76cJRBTt
UPsaHalalan,Local government and the national elections https://t.co/H1MyvaiiE8 https://t.co/50lo3GkRFT
UPsaHalalan,You may also keep yourself updated via this live-stream link from @UPLBOfficial #DuterteVisitsUPLB https://t.co/orUM0eeJZB
UPsaHalalan,Follow @UPLBOfficial  for tweets and updates on @RRD_Davao's visit to #UPLB. #DuterteVisitsUPLB  https://t.co/Lf1x8efUSy
upsystem,"Join the @UPsaHalalan Blogathon at @UPLBOfficial! For mechanics, please check out the announcement. #PiliPinas2016 https://t.co/HUNEVCUnXh"
isko_algorithm,"@UPLBOfficial @UPsaHalalan does ""constiuents"" include alumni? :)"
UPLBOfficial,Join the @UPsaHalalan Blogathon! See mechanics below: https://t.co/ueRgREaO4V
UPsaHalalan,Sa March 20 na! #PiliPinasDebates2016 sa @UPCebuOfficial https://t.co/5hHFuLVhhT https://t.co/3ZLGwjZsu2
UPsaHalalan,Poe is the median voter's choice: analyst https://t.co/xGN9BKasoE via @ABSCBNNews
UPsaHalalan,"Inequality, debt and tax injustice https://t.co/UyL1yjIGJP via @inquirerdotnet"
UPsaHalalan,University profs to Bongbong: Dictatorship is not 'golden age' https://t.co/A0LFwiBEMs via @PhilstarNews
UPsaHalalan,Two events to raffle off debate tickets to public https://t.co/cTXBt1Txq3 via @cebudailynews #PiliPinasDebates2016 #PiliPinas2016
UPsaHalalan,Analysts to Binay: Widen scope of message https://t.co/Ex0fpDxLSj via @rapplerdotcom
adiposeless,#InternationalWomensDay  https://t.co/QatS7mcy6l
UPsaHalalan,Philippine Politics is Still a Manﾒs World https://t.co/Zl89Z7km0x https://t.co/2sW2K6dUez
UPsaHalalan,Supreme Court allows @SenGracePOE to run for president https://t.co/LAs5dgOW4v via @cnnphilippines #PiliPinas2016
UPsaHalalan,VIDEO: ABS-CBN Summer Station ID with emphasis on #Halalan2016. ABS-CBN is an official media partner of @UPsaHalalan https://t.co/0v9Xby4bcW
UPsaHalalan,Manny Pacquiao is the Anita Bryant of the Philippines https://t.co/ah7dj2x5q6 https://t.co/GCpKlVzE9L
UPsaHalalan,Views on Issues: Metro Manila Traffic by @UPAdCore https://t.co/w6mZxE1pDg https://t.co/U6oeVEpwJ5
UPsaHalalan,Views on Issues: Mamasapano Incident by @UPAdCore https://t.co/oQdCyvAGPn https://t.co/LS5QDZadc3
sanchezjanella,"Halu, everyone! This is tomorrow!  https://t.co/sZUClG4x1C"
MSCBaluyot,tomorrow https://t.co/vHee03PG4X
lirawrrr,"ﾓThe new format includes one candidate asking one question from the other candidate."" uho https://t.co/QpwP9lacSs"
UPsaHalalan,UP Baguio to hold Pulse Check: A Local Candidates Forum on 7 March https://t.co/kzY6sZZovN #PiliPinas2016
theMorexette,Check out @wiseUPCebu2016's official Facebook page for more updates! <ed><U+00A0><U+00BD><ed><U+00B8><U+008A> https://t.co/OTs2xPUjvv
UPsaHalalan,Entertaining Politics and Politicizing Entertainment https://t.co/OX6zbAd3lu https://t.co/SXafrbYD4V
UPsaHalalan,#PilipinasDebates: UP to raffle off 900 slots for on-ground activities https://t.co/QTPQ1UlJO9 via @TheFreemanNews H/T: @wiseUPCebu2016
UPsaHalalan,Happening on March 20: New format for Cebu prexy debates https://t.co/m1WsdBfPmz via @TheFreemanNews H/T: @wiseUPCebu2016
UPsaHalalan,"VP race still tight, fluid: analysts https://t.co/7tpfJKsKW8 via @ABSCBNNews"
UPsaHalalan,'SC decision on Poe DQ case may be swing vote' https://t.co/EjXnrgPq1p via @ABSCBNNews
UPsaHalalan,#NoFilter: The 'Mitra Effect' https://t.co/n23HDYX2U6 via @ANCALERTS
UPsaHalalan,"Poe, Binay share lead in tight pres'l race: Pulse https://t.co/TjsGF2PND6 via @ABSCBNNews"
UPsaHalalan,Update on preparations for the #PiliPinasDebates2016 from @wiseUPCebu2016 https://t.co/CSBHWjTWJo via @wiseUPCebu2016
