justcallmeinday,Malaki daw ang funding na ibibigay sa education sector ni Duterte kung sakaling magiging presidente siya. #WatchingFullQuestionAnswer #UPLB
DrGaai,no more #cow's #milk. #UPLB #DairyHusbandry. taken 12 apr 2014; posted 14 mar 2016. #LosBa�os #Laguna #itsmorefunin� https://t.co/H39nYThmo7
inseeeeeyn,#tb #UPLB https://t.co/bANvft5u03
ninabellatrix1,"I don't have time for incoherently phrased, stupid questions specially from one whose education I am paying for. #UPLB"
missjover,@raggster yung reporter na nagdefend Kay Manny dati. He made a statement na naman ngayon another round ang pag bully sa bata. #UPLB
LeMadScientist,"strength in numbers is only for barbaric wars not for social media wars, dat strength in mind power haha #UPLB"
byangtan,"""Bastos lang jud ka tawhana ka!! #UPLB #Student #Bastos"" ah ganyanan na diay"
missjover,Nakisawsaw pa si IRA Panganiban sa isyu ni Stephen Villena. Ngayon another round of bashing na naman ang nararanasan ng bata. #UPLB
Ijoshuant_you,#UPLB blockbakan wuhooo https://t.co/eIPnB1xfj5
Facunbryan,MAKITID ANG UTAK NI #UPLB MAN
iambeloy13,"Stephen villena!!!sikat ka na!!!
Ang talino mo kc e ano!!!
Bravo!!!<ed><U+00A0><U+00BD><ed><U+00B1><U+008F><ed><U+00A0><U+00BD><ed><U+00B1><U+008F><ed><U+00A0><U+00BD><ed><U+00B1><U+008F>
Pd naman kc nd magsalita!!!
Ayan naka-salo ka ng ipot! #UPLB"
maykelandrew,"Wala akong nakikitang mali sa ginawa ni Stephen of UPLB. Grabe makahusga, panuorin nyo kasi buong video #UPLB"
jerichorayel,"#UPLB friends, sugod! oo na, gusto ko ng away. bastos ako. https://t.co/Tc4I0QW7dZ"
evesalcedo012,"#UPLB 
I feel sorry to studient felling kong sino
Matalino nasa talampakan ang utak."
missjover,@xpeanutgalleryx that's true yung cp number ng bata they posted it sa isang ProDuterte group. Mga utak sobrang sama #UPLB
PHWatchers,"#UPLB's Stephen Villena gets Schooled.

https://t.co/nrZ2Y0XACk https://t.co/yUE4PQu8Q3"
jaykaytiel,"The more you know, the less you can be a dick. #PSA #UPLB https://t.co/hQGOadLDjq"
UPLBResearch,"Everyone is invited to attend the seminar series organized by CPAF, #UPLB. On 17 March 2016, Dr. Carolyn... https://t.co/emfz8AeRjv"
UPLBOfficial,"[#UPLB Job Opening] Three (3) REPS position under Animal and Dairy Sciences Cluster, College of Agriculture https://t.co/JykWk0o8iS"
withersfork,#Duterte's message to his supporters RE #UPLB student: https://t.co/h4clwE3zbf
abbyshug,"#UPLB 
#duterte
Stephen Villena https://t.co/3WIQpFfDLZ"
greyPSYCHo,"No intention to disrespect, kasi natural na ganon ang kultura. #UPLB"
msnph,#UPLB student to #Duterte supporters: I meant no disrespect | https://t.co/PAHtqKPJX3 https://t.co/Wksiwufx3h
ziekfucker,"Stephen sure knows how to answer

#UPLB"
anterucirpo,I liked a @YouTube video https://t.co/igRMU6wIHF Eto ang direchong sagot ni Mayor Rody Duterte sa pambabastos ng isang #UPLB
itsaboutMwark,Regarding on the issue bout the #UPLB student who raised question to #Duterte . Bumili Ka ng common sense! Ta** Ina. 1/3
missjover,Dahil nagtanong c #StephenVillena sa isyung panlipunan ganito na ang sinapit s kamay ng supporters ni DUTERTE #UPLB https://t.co/BaVoQ2jb93
DizzyMissNizzie,I urge every #Du30 supporter to just understand all sides of the situation before you type vitriol. Seriously. :( #NoToBullying #UPLB
patph81,#UPLB  https://t.co/ggyURb7YYM
zheyrhumbee,This is the lowest of the low!!! To tell someone to kill himself is pure evil! #StopCyberbullying #UPLB https://t.co/7fIbTM75Pi
kennrealtime,The State shall assign the highest budgetary priority to education... Article XIV Sec. 5 (5). #UPLB
mysurnameisALI,..cause I haven't done it for a while. #makipagdebate #uplb #dontUS #dontUPLB
aryzai,Proud #UPLB alumni!
TheMuslimGayGuy,I think the #UPLB student is trying to fish for bad fish. Making sure the person's answer will end up wrong https://t.co/J0PMy3DuWr
TheMuslimGayGuy,"I am not a @RRD_Davao fan but that #UPLB Student is just (God knows what). Stupid question and arrogant gesture, trying-hard aktibista? LOL"
rommelmacayan,"Pagpupugay kay Stephen Villena! 
#UPLB #elbi @uplbperspective @UPLBOfficial"
ayiegarcia,#UPLB innovator develops machine to cut pest damage in #rice &amp; #corn https://t.co/AyoTyVlUYZ https://t.co/uA6x4A5GUl
jhedmasters,"May death threat na daw yung estudyante galing UPLB na nambashes kay duterte.. eh pno pa kya pag nagong presidente yan!! :x
#UPLB"
JAstbeyourself,Kabog yung open letter. May tatak Elbi talaga. (If you know what I mean) <ed><U+00A0><U+00BD><ed><U+00B8><U+00BC><ed><U+00A0><U+00BD><ed><U+00B8><U+00BC><ed><U+00A0><U+00BD><ed><U+00B8><U+00BC><ed><U+00A0><U+00BD><ed><U+00B8><U+00BC><ed><U+00A0><U+00BD><ed><U+00B8><U+00BC><ed><U+00A0><U+00BD><ed><U+00B8><U+00BC><ed><U+00A0><U+00BD><ed><U+00B8><U+00BC><ed><U+00A0><U+00BD><ed><U+00B8><U+00BC><ed><U+00A0><U+00BD><ed><U+00B8><U+00BC><ed><U+00A0><U+00BD><ed><U+00B8><U+00BC><ed><U+00A0><U+00BD><ed><U+00B8><U+00BC><ed><U+00A0><U+00BD><ed><U+00B8><U+00BC><ed><U+00A0><U+00BD><ed><U+00B8><U+00BC> #UPLB
missjover,"Pinaglaruan nyo pagkatao niya, pati na pamilya niya. You even bullied pati yung mga nagtatanggol sa kanya. Yan ba ang disiplina? #UPLB"
JAstbeyourself,An open letter wouldn't change anything. Whats done is done. #UPLB
Mond_gan,"Maybe this #UPLB man is expressing his side, he should point out it in a right manner"
missjover,Your mob bullied ang isang bata na gusto lang magkaroon ng direct na kasagutan sa isyung panlipunan. #UPLB
riggzS,"I know a lot of #UP and #UPLB grads,I'm married to an alumnus who has an uncle who taught in UPLB.none of them are rude.NONE!"
jrbadet,The other face of the coin of the #Duterte and #UPLB student controversy. https://t.co/w0p7tfHfQX
EjayGregorio,What's the issue with #UPLB ?
romeotoring,The other face of the coin of the #Duterte and #UPLB student controversy. https://t.co/wNlMXmE34Y
missjover,"After defending Stephen Villena, eto nambubully at ginawan mo pa ako ng hashtag ha #UPLB https://t.co/zqWd4U22xd"
KristelMK,#StephenVillena #UPLB
imjeffmondragon,We know that we are well educated people. <ed><U+00A0><U+00BD><ed><U+00B8><U+008F> #UPLB
imjeffmondragon,What a very intelligent manner. #UPLB  https://t.co/cCo1c1y3Ap
itsmephats,My opinion about UPLB Student Stephen Villena vs Mayor Duterte @leahnavarro #Duterte #UPLB #StephenVillena https://t.co/0PbDcYQ8Ak
ImNotKaren,"here we go again 
#uplb fight lang"
missjover,"another supporter of Duterte, na kahit sinabihan n wag mang bash or magbully hindi sumusunod. #walangdidiplina #UPLB https://t.co/zqWd4U22xd"
staromanadaniel,It's nice to just lie-down in the middle of the field. #LosBa�os #UPLB #UltimateFrisbee #park� https://t.co/JWEUxn7pkw
renzsucaldito,"Monday terror. Hahaha
#UPLB #campusphotowalk #photowalk #CASA2 @ University of the Philippinesﾅ https://t.co/u8lkFbn1k6"
andreperezph,#PHVoteRoxas #UPLB
jaykaytiel,"Thank you Internet,for enabling us to be dicks more efficiently than ever. Death threats over that? We're taking butthurt to a new lvl #UPLB"
myleessss,"""Kalaban ang kalaban. Kalaban ang kakampi, nakakapagod."" - Heneral Luna
#uplb"
joefrenparaiso,"To be fair, I understand both sides and both sides misunderstood. #UPLB"
_ivannnnn,Unwinding through viewing is effective. Try it. <ed><U+00A0><U+00BD><ed><U+00B8><U+008C><ed><U+00A0><U+00BC><ed><U+00BD><U+0083><ed><U+00A0><U+00BC><ed><U+00BD><U+0082> #uplb #freedompark #vscophile #vscocam #vscoﾅ https://t.co/CZKtjiGilp
CLAwiiish,"mapapamura nalang ako hahahahhahahahaaha
utak ng mga tao oh. di ko alam kung anong logic ginamit dito.
  #UPLB"
DizzyMissNizzie,"GRABE TALAGA ANG #du30 LOGIC. WALANG MINTIS. 

Dahil sa inyo, kawawa yung #UPLB student."
NashNacion,"Duterte has spoken: Do not bash the #UPLB student but rather, be kind with critics and show compassion."
_ivannnnn,Went for a walk. <ed><U+00A0><U+00BD><ed><U+00B8><U+008A><ed><U+00A0><U+00BD><ed><U+00BA><U+00B6><ed><U+00A0><U+00BC><ed><U+00BC><U+00B4> #vscogood #vscodaily #vscoph #vsco #vscocam #vscophile #uplb @ UPLB Campus https://t.co/eM8Ue318xR
neenahilario,"Here's my 2 cents on the #UPLB #DU30 #DuterteVisitsUPLB online word ""war""

#RespondDontReact #RespectEachtOther https://t.co/DKnEAcFdgs"
isko_algorithm,"""Those who do not move, do not notice their chains.""
Rosa Luxemburg

magbalikwas! magtanong! kumwestiyon! para sa bayan! #UPLB"
kmingcay,"It's not how he asked question or how he asked for the straight-forward answer, it was the question which doesn't make sense. #UPLB"
jvolbedo,#uplb
jayson_umandap,"to that #UPLB student, maging magalang po kasi. tska dun sa pagpili mo ng salita sa taong tinatanong mo, basic yan, bata ka gumalang ka :)"
ninfa_sus_viej,"Yeah, me too!  I'm so proud of you Stephen Villena!  We support you!  #UPLB https://t.co/aSu0zoSXoK"
ilovealgebra14,Tangang Pinoy + Free Data = Goodbye Philippines #UPLB
jaconxx_,"Dammmn... did Mar Roxas really pay Stephen Villena 50,000 Php just to talk shit to Duterte at UPLB?

#UPLB #DuterteVisitsUPLB #Duterte2016"
missjover,#UPLB # IStandWithStephenVillena https://t.co/Yz89ap8OdK
Niksus__,https://t.co/aHAY6IVu1O #UPLB #AnOpenLetterFromTheBastosUPLBSTud
missjover,Pati cp no. ng bata niresearch at shinare dun sa ProDuterte group. They r uncontrollable kahit may issue n ang Duts camp na huminahon #UPLB
ilovealgebra14,Naglabasan yung mga magagaling sa english na kahapon lang naman nalaman ang difference between compromise and compensate. Hayy..#UPLB
ilovealgebra14,Naglabasan yung mga magagaling sa english na kahapon lang naman nalaman ang difference between compromise and compensate. Hayy. #UPLB
missjover,@audreydomasian nabasa mo open letter niya? naiiyak ako at naawa sa bata.. #UPLB
missjover,"@audreydomasian hay naku, sobra,... nakakawa ang bata.. #UPLB"
missjover,"I read the open letter of Stephen Villena,naiiyak ako na naawa sa bata. kahit nabastos siya at ang pamilya niya,he remains respectful. #UPLB"
jaengnozales,You know what youll get when you disagree on the majority. Like martial law on the PH Internet community #Du30 #UPLB https://t.co/BRcZRPCm3N
gregsroc,May message daw si Rihanna sa #UPLB https://t.co/FtesgeFq8P
jaengnozales,Context #Duterte2016 #UPLB https://t.co/CZD2SIy8DX
garlic_more,"As i watched #UPLB video, i pity the student coz it looks like he was trying to look intelligent but sorry you shouldve think first be4hand."
missjover,"and now i am being bullied, just because #IStandWithStephenVillena  #UPLB"
garlic_more,"Kung akoy taga #UPLB hindi ko ikakahiya ang kanyang pagiging arogante. 
Mas ikahihiya ko yung paggamit nya ng maling words na tila engot."
Iam_MrsJ,6/6 #stopthehate  #UPLB #duterte #StopCyberbullying
iamdonibanez,"Tigil tigilan na yang manners na yan, sabihan nyo muna kandidato nyo bago kayo magsalita sa iba #UPLB"
GreenDei,#UPLB #DU30 https://t.co/Doz0mlQ5QW
missjover,@RodmyrDatoon That's right. bigla ko namiss ang chocnoy :) #UPLB
holykaisoofix,i stand by stephen villena #NoToCyberBullying #UPLB
missjover,After defending Stephen Villena last night I got this tweets from Duterte supporters #smh #UPLB https://t.co/9tN70UXknz
sirpacquingplss,because the mass' waiting for uplb's reaction for/against their scholar. #uplb  #stephenvillena  https://t.co/eNA4kf3fTq
sirpacquingplss,sobrang dami kong time magrant about don sa #uplb incident eno
sirpacquingplss,"Alam mo naman na plang bastos yung tao,bt kailangan gayahin? Be the bigger and better person. #stephenvillena #uplb https://t.co/HqUyoHIjdN"
Crizzy0121,Sa tingin ko sinagot naman ni Duterte ang mga tanong siguro ndi lang un ung sagot na expected nila it means they just expected more. #UPLB
zildjian16,nakakalungkot #UPLB
EissaMarquez,"it is our moral obligation to help our Pilipino people to open their minds. kampihan sa #UPLB kampihan sa #DU30?

#weareallpilipinos"
janamerol,Nakapunta ka na ba ng #Davao try mo pumunta para makita mo ano nagawa ng binabastos mo. #UPLB
janamerol,Responsive answer deserves responsive question.d maintindhan question mo. Believe me you wont be success. Wala kang respeto #UPLB
MoxieLi,"To think this #UPLB student's question phrases what we all want to ask Duterte. God bless you, kid! #PHvote2016 https://t.co/kGNJZFFHpC"
lumadcharm,@mapetiteangela he bullied #Duterte too. So now they are even. All is fair in politics and war. <ed><U+00A0><U+00BD><ed><U+00B8><U+0089> #UPLB
mickeysh,"#UPLB  OK naman ang punto ng Estudyante ang mali lang siguro nya is pagkakabigkas nya ng salita,
Medyo ""rude"" lang sa pandinig ng iba."
gatasnasioco,"Remember, there is a fine line between simply giving out a reaction and stating an INFORMED opinion. Be responsible. #UPLB iskos stand tall!"
gatasnasioco,This is a concrete example how powerful and dangerous media is bc in some ways it can be misleading. My heart goes to #UPLB <U+2764><U+FE0F>
jellianxkii15,"Dasmag man gud ug deretso!! Hahaha

#UPLB
#PHVoteDuterte https://t.co/Rsy498vYsp"
mirademition,5/5: Learn to know and weigh things before judging him. Keep your own shit to yourself and have a decent manners. #UPLB
mirademition,4/5: He just want a clear and direct answer from Duterte. So stop judging and bullying the UPLB student. #UPLB
mirademition,3/5: Just because sinagot nya si Duterte and may rebuttal does not mean that the student is arrogant and rude. #UPLB
mirademition,2/5: They are always quick to judge the student without knowing the whole story that happened in the forum. #UPLB
mirademition,1/5: Watched the viral video of the UPLB student who was bullied online. What's wrong with the people? #UPLB
beanoagin,"Increase Your Twitter #Followers<U+21D2>https://t.co/qIgWMqoHdQ

PMPC HAPPY KASAMA SI JANE OINEZA #UPLB RYLE OnMOR"
trishabriones01,"Tell me kung ano ang basehan para mapangalanan ng ISKO o ISKA? No offense. Nababother lang talaga ako. Please watch the WHOLE FORUM.
#UPLB"
BromanceManila,"Duterte to supporters: Be civil, intelligent, decent, compassionate https://t.co/zqAllQYoFi #UPLB #Halalan2016 https://t.co/pIlvP6jOQv"
matrixleader,that #uplb student  had guts now he has to run for his life  #responsibility #respect
jinglebellxmas,"#UPLB its not the schl, but the manner the student kept interrupting #duterte..pag bastos...BASTOS walang kinalaman ang paaralan"
CaringalMirami,"Heartbreaking. Saddening.
Dudes with sound opinions, being oppressed like this. 
Putangina. Haha. Putangina nating lahat.
#Vendetta #UPLB"
renzsantosIII,"Kahit kailan naman kasi hindi nagkulang ang budget, the problem ever since was the misappropriation/corruption of the said budget. #UPLB"
sweetmotherof,Aba trending yung school ko ah #UPLB #hehe #panaginip
SheenaHadap,@missjover #UPLB
dimzruiz,"FYI: Aral muna... Compromise not compensate,inulit na nga mali2 parin. Search nyo po mo pinagkaiba ng meaning. #UPLB #DuterteVisitsUPLB"
hoyarkin,#RapplerSaySorryToUPLB #RapplerSaySorryToStephenVillena #dontUPLB #UPLB
UPLBConyos,Irresponsible journalism! <ed><U+00A0><U+00BD><ed><U+00B8><U+00A0><ed><U+00A0><U+00BD><ed><U+00B8><U+00A0><ed><U+00A0><U+00BD><ed><U+00B8><U+00A0> @rapplerdotcom #RapplerSaySorryToUPLB #RapplerSaySorryToStephenVillena #dontUPLB #UPLB https://t.co/4KVBT0rONB
zylabonita,This is the OTHER SIDE of the story. Puro bash sa studyante eh. May mali din naman si Mayor. #UPLB https://t.co/yoZtKvDeIU
iamredsalgado,anu na naman b ayung tungkol sa #UPLB student na yan. Lahat na lang???
BromanceManila,"Haters gonna hate. Be yourself and do whatever you want to do, life is so short, you only live once. #UPLB"
gregsroc,Hahahahahahhaha (@m00g33k) #UPLB https://t.co/LCBjjmW2vz
thejoewah,"Thank you for asking questions to a candidate, thank you for caring for our country. Thank you. Thank you, Stephen Villena. #UPLB"
BromanceManila,"Kung minimum rate naman ang sweldo, huwag umeme ng ""Sayang tax namin sa inyo."", pati mga estudyante pa lang. Mga palaka! #UPLB"
iamdonibanez,At talagang issue pa sa inyo ang manners ah. How about your candidate's behavior? Talk about double standards. #UPLB
badeth22,What if si Mar o Binay yun? Puro magagandang salita siguro maririnig ng #UPLB  students na ito. <ed><U+00A0><U+00BD><ed><U+00B8><U+0089><ed><U+00A0><U+00BD><ed><U+00B8><U+0082> #justsaying #lakasnidu30
heckbrizuela,"For the record, tagal ko nang nakafollow sa #uplb tag. Ngayon lang nabusy ng ganito kabusy yung column ko sa tweetdeck"
missjover,A typical Duterte supporter.. #IStandWithStephenVillena #UPLB https://t.co/hHHx5cdRV1
missjover,#UPLB  https://t.co/AyhZ6H31v5
missjover,@razoldazol sobra and ginawan pa nila ng ganito. Nakakaawa ang bata. #IStandwithStephenVillena #UPLB https://t.co/JjIqoFpefF
ro_junix,"""#Duterte vs ""UPLB-Man"".
Una sa lahat, utoy, the word should be ""compromised"", not ""compensate"".
#UPLB ako... https://t.co/gipJQNGyDW"
ChicChic0704,This rude #UPLB student obviously attended d forum 2 humiliate #DU30. He dserves d bashing. It's a tie!
rhiajoseframos,Kung hindi  sya naghahanap ng guapo points at talino. E ano? Attention? Lol bigyan ng jacket si kuya! <ed><U+00A0><U+00BD><ed><U+00B1><U+008F><ed><U+00A0><U+00BD><ed><U+00B1><U+008F> #UPLB
coffeegurl1978,"I Salute u young man! Ito ang totoong matapang
#RoxasRobredo 
#UPLB 
#stephenvillena https://t.co/TL6KbhnmN5"
Kirbsuu,"At the end of the day  , Proud pa rin ako na isa kong estudyante ng #UPLB :)"
missjover,@ihateposh luoy kaayo. Kay pati pic sa iyang mama ug papa ilang guiduwaan :( #UPLB
rhiajoseframos,Gusto ko lang mag react sa isang student ng kilalang school na ito. Sana naturuan ka ng magulang mo na RUMESPETO sa nakakatanda sayo. #UPLB
Mendozanity,"Words are sharper than swords.
Education before army! #uplb"
missjover,@rodmagaru di ba? tapos binastos pa nila picture niya pati picture ng friend at family niya? Nakakaawa #IStandWithStephenVillena #UPLB
withersfork,"I pity that #UPLB student. He committed a mistake, but we don't need to crucify him. Digong wasn't even slighted. Patawarin na."
jaengnozales,Desperation for change is NOT AN EXCUSE for you TO BULLY ANYONE ESP A KID. You are fckin ADULTS. STOP THE WITCH HUNTING #Duterte2016 #UPLB
odspolihsonn,#UPLB Kindly teach that student of yours some GMRC lessons please. <ed><U+00A0><U+00BD><ed><U+00B8><U+0092>
missjover,Grabe naman to! How can they control this kind of behavior? #UPLB #stopcyberbullying https://t.co/bEpiIWYnx6
LeanderBarut,The supporters of the candidate who's platform is peace and order are the ones breaking the law (Republic Act No. 10627) The Irony! #UPLB
MikeofNewYORK,@profmssyj @leahnavarro I suggest sending these threats vs a student of #UPLB directly to #pnp @pnppio and @CIDG_PNP for appropriate action
dodongSANDRI,"if you don't want to get ridiculed, stay away from them. 
ginisa sa sariling mantika eh. 
#Duterte #UPLB"
IceLavilla,"What is this world I'm living in? 

#UPLB  #dontUPLB"
mxinetan,Ang babaluktot mag-isip ng mga tao ngayon. #UPLB
joyceinheels,All about #UPLB and #PHVoteDuterte  https://t.co/lABEFaF45N
iamxander16,Pinakinggan ko ang content ng QnA sa #UPLB kay #Duterte2016  ...sinabihan ng edukasyon...its a stupid followup question.
sephcham,"Tigilan nyo na yung student sa #UPLB. 
#NoToBullying #NoToCyberBullying"
ShutangInaBeks,"Yung eksenang so much hate for wanting to get a direct answer to a question. Also, can we stop labeling people based on their schools? #UPLB"
missjover,Di ba? Nakakaawa ang bata. Traumatic sa kanya ang nangyayari. Duterte cannot control his supporters. #UPLB  https://t.co/y6y3l2sjTi
primpaypon,"Well, that rude but straightforward UPLB question revealed Duterte's lack of clear vision and platform. Good job, #UPLB! #PiliPinas2016"
niiaahaha,"'Wag po sana tayong mangkondena. Sino ba tayo para manghusga. Buksan ang isipan at matutong unawain ang kaganapan, open minded ba <ed><U+00A0><U+00BD><ed><U+00B8><U+0089> #UPLB"
missjover,Grabe! These Duterte supporters are uncontrollable! #IstandwithStephenVillena #UPLB  https://t.co/tkrloR1ZuM
missjover,@pinoymommy @Lah_lah_j @marocharim yes and check the comments #notocyberbullying #UPLB https://t.co/qacVIdYvky
itsmekaycelle,"Dahil sa sobrang pagmamamahal sa inang bayan, kaya naming itanong lahat ng bumabagabag sa amin kahit na magmukha kaming bastos. #UPLB"
DizzyMissNizzie,'Nambastos' is too strong a word. #UPLB
missjover,@pinoymommy @Lah_lah_j @marocharim look they made an FB page like this. #UPLB #NotoCyberbullying https://t.co/3vTYP8qBTf
zyxa09,Obviously you have a bad motive.. wrong move dear.. nadamay pa #UPLB  #Du30 LP Partylist aspirant ka pa man din.. https://t.co/bPeDa8jYZ8
zheyrhumbee,#NoToCyberBullying I stand with Stephen. #NoToDuterte #UPLB https://t.co/cPZrjF902A
ejopaye,"I don't think Stephen was rude, ppl should know the whole story https://t.co/TGNsVZWnG3 #IstandwithStephenVillena #UPLB"
sgt_kero,"Sayang daw ang binabayad ng mga taxpayers sa #UPLB dahil sa attitude ni #stephenvillena

PUP be like ""been there, done that"" 

#Eleksyon2016"
dimi_migz,pls. raise a clear question if you want a straight answer #boom #UPLB
missjover,@uplbprofs I already did po. Pati yung FB page na ginawa nila. Grabe! #UPLB #IStandWithStephenVillena https://t.co/PRhvItSZ7N
racheldevera,"Education in Davao has always been a priority, alongside defense.. Why force that one should be compromised over the other? #UPLB #Duterte"
missjover,And to top of it all ginawan nila ng ganitong page ang bata! #IstandwithStephenVillena #UPLB https://t.co/ahApSia025
racheldevera,"Dont use your institution and defend it as ""freedom  of expression"" to mask your ignorance. #UPLB #Duterte"
racheldevera,Your question is really silly. Even your verb usage is abominable. What compensate? should have been COMPROMISE. #UPLB #Duterte
aimamurao,#UPLB finds https://t.co/A6ypspMOPI
Jaypee_Gozun,Mas nabother ako sa man bun ni kuya kaysa don sa pagtatanong niya. Ba't ganon.... #UPLB
missjover,"When Villena said na ""para makauwi na po kayo"" it was a consideration 4 Duterte kasi gusto na nga niyang umalis agad #UPLB #NotoDuterte"
havenPavfoix,e ikaw? #UPLB  student k p lang at kilala pang school e ganyan na ang manners mo tsaka iba ang mura sa manners lalo na when you speak. #opin
havenPavfoix,kay mayor duterte kasi hindi offensive  kahit sya na ang mag mura..my own opinion ah.. and mag mura man sya kaya nyang panindigan.#UPLB
programming22,https://t.co/d7uZOVvVOU #Linya ng Nagseselos #BRIEF NI JEKOY PLS #UPLB  #Aldub #KATHNIEL #KMJS11  https://t.co/QuU1kOPsll
Tikoymanstur,@paul_james26 that is a very nice suggestion no? mature at napag isipan naten yan ng mabuti. Makakatulong yan sa pagtatama ng mali #UPLB
missjover,Eto Yun e! #UPLB https://t.co/HBYSMgYviE
hellothisisjosh,"Laking mindguard statement: ""mali naman kasi tanong mo""  -walang maling tanong sa UP! #PHVote #UPFight  #UPLB"
missjover,"Yes he is. And tama naman sya na tapusin na, kasi nagmamadali si Duterte #UPLB #NotoDuterte https://t.co/SRBGaDPyHV"
hannahmeymey,#ManilaCathedral #Caliraya #UPLB #ManilaOceanPark #Calamba <ed><U+00A0><U+00BD><ed><U+00B2><U+009C> Thankful. <ed><U+00A0><U+00BD><ed><U+00B8><U+008A> https://t.co/Vr0oOQF3Ap
mapetiteangela,Please stop cyberbullying. &lt;/3 #UPLB https://t.co/rRYbE316Y4
missjover,@twitnigab nope. The kids was just asking a direct answer from him kasi apurado nang makauwi si Duterte.  #NoToDuterte #UPLB
missjover,I stand with Stephen Villena. #UPLB #NotoDuterte https://t.co/yvs87aCAAK
ChicChic0704,#UPLB That stude obviously attended d forum 2 humiliate #DU30 cuz he is 4 another candidate. Sori for his parents having raised him this way
4everlikearose,No to cyber bullies. No to Duterte! #UPLB https://t.co/VbR8PBS1ND
missjover,#NotoDuterte #UPLB https://t.co/XnHKgtUrBF
dafuqnathan,These duterte supporters are getting out of hand. OA na. #UPLB
angie521_g,"understanding that Duterte's ""peace and order"" as his platform, the student's concern is very much valid. 
#UPLB https://t.co/HdzLqigPnO"
4everlikearose,Say NO to Duterte and his mob. #UPLB  https://t.co/ZZkIU4fLlc
faitth14,"Stop the hate for UPLB student, like seriously you can stop already. #UPLB"
CyberChangge,@tinkerneI @MercyMe875 @sh3ysh3y @AraAcebedo @jellianxkii15 @sassy_zhazy @chuan_sheila @pieskustojo Eto na #UPLB https://t.co/Eq2JhRzWAt
4everlikearose,So low and threatening. No to Duterte and his mob! #UPLB  https://t.co/DuEBcU78ga
joyceinheels,"Anyway, here's the video. Judge for yourself: https://t.co/NOoEYzzHGL #UPLB"
joyceinheels,"I decided not to post the young man's picture anymore. Talk about double standard. The boy was using ""po"" while pressing his query. #UPLB"
kistryvlramos,Go lang Stephen... huwag kang makinig sa chaka... #uplb @UPLBConyos
4everlikearose,#UPLB #PiliPinas2016 #PiliPinas #Halalan2016   https://t.co/0EEFyZab0f
ShantiSenaPHL,"If a university cannot produce critical thinking students, then it failed its purpose. #UPLB #DuterteVisitsUPLB"
missjover,Check this accounts ng mga Duterte fans na pinagbabantaan si Stephen Villena #rabid #UPLB https://t.co/cIgzvKjZmZ
iAMdianneFIDER,These people who instantly became #du30 's supporters much applause.   #uplb
missjover,#UPLB https://t.co/yVy0frWir2
niallpleaasee,"I'PUSH NYO YAN KINGINA NYO HAHAHAHA
#UPLB https://t.co/UZlzM4Xxkh"
karlaobispo,People talk as if the students aren't paying their tuition fees. Ugh. #UPLB #DuterteVisitsUPLB  https://t.co/o6KHuRwkqj
bbQueee,Si Miriam na lang papuntahin nyo sa #UPLB
kev_rd,"PROF: ""Ano ang benefits ng pre-marital sex?""

Student: To gain more experience...

PROF: ilalagay mo ba yan sa resume mo?

#UPLB #dontUPLB"
domrodriguez06,"There's nothing wrong with asking. What I am saying is, there is always a generous and proper way of doing it.

#UpLB
#RespectDuterte"
cuevas_mark,"Wla nmang msamang magtanong &amp; pakiusapan ang kausap mo regardless kung pulubi o mayor, n sumagot nang diretso. #UPLB https://t.co/QhAzUOcdnj"
itsjoanfads,Sundate. <ed><U+00A0><U+00BD><ed><U+00B8><U+008A><ed><U+00A0><U+00BD><ed><U+00B2><U+009C> @benjomojica @vernaaameee  #UPLB https://t.co/HknIRPidjG
alvngnzls,May punto yung student. Di nga lang well structured yung delivery so it ended up sounding arrogant instead of intellectual. #UPLB
ollynaguila,I stand with Stephen Villena. #UPLB #UPFight <ed><U+00A0><U+00BD><ed><U+00B2><U+009A><U+2764><U+FE0F>
alvngnzls,Its funny that the issue is more focused on the disrespectfulness of the student but not the political dilemma that was brought up. #UPLB
irenesharie,"To that student: Our taxes that pays for your education by dear has gone to waste with the way you treat your guest, ang bastos! #Du30 #UPLB"
EyEmDee,Those tengeneng hasty generalizations! Aba matinde! #UPLB
euness19,Compensating Education is compromising Defense. #UPLB #stephenvillena
niallpleaasee,ANO BANG GINAWANG MASAMA NI STEPHEN? HE'S ONE OF MY FRIENDS AND I REALLY THINK HE JUST STOOD UP FOR WHAT HE BELIEVED IN #UPLB
missjover,"This! And then para sinabihan lang ng straight dapat isagot, bastos na? Sino kaya? #UPLB  https://t.co/EuEeeKNRZp"
redellestioko,"Mayor #Duterte vs #UPLB
https://t.co/CLS2f3XVNc"
katequinz,"STUDENT: Give us direct answers! <ed><U+00A0><U+00BD><ed><U+00B9><U+0085>
DUTERTE: Give me correct questions. <ed><U+00A0><U+00BD><ed><U+00B8><U+008F>
#Uplb #Duterte"
joelcabacongan,"#uplb students have to remind themselves that people paid taxes for them, don't act like you're somebody bcoz you are not!"
missjover,I stand with Stephen Villena. #stopbullying #UPLB
missjover,"Kuya, scientist ka ba? Mahilig kang mag imbento e. Dinamay mo pa mga anak ni Leni. #UPLB https://t.co/VLgffnzL9p"
mr20obordo,"Yung taong kung makapag mura akala mo'y pinag lalagaan ng t** ang bibig pero sila pa ung lakas makapag sabi ng pag aralin ng GMRC. 

#UPLB"
Jediel_24,grabe :/ #UPLB  https://t.co/9g5NLIMME5
gotram02,Parang nasira image ng #UPLB <ed><U+00A0><U+00BE><ed><U+00B4><U+0094>
Gabby_09,"@alfrederick_ @rapplerdotcom  says the boy is 1 of ""top intelligent students"" High IQ students dont jamble up ideas in one question #UPLB"
yannnnning,"Una, hindi lahat ng tao suportado si Duterte. 
Pangalawa, Hindi porket iboboto nyo sya, Matalino at Magagaling na kayo.

#UPLB"
ManilaDirtiest,Putang ina mo stephen!! Bayaran ka ni mar! #UPLB
ManilaDirtiest,Putang ina mo! Nakapasa ka lang ng entrance exam ng UP stephen nakakasira ka!!! #UPLB
ManilaDirtiest,"Stephen tumanggap ng 50,000  putang ina mong estudyante ka!!!!! #UPLB"
ManilaDirtiest,Malaking putang ina mo stephen villena!! #UPLB
ManilaDirtiest,Nakakahiya UPLB sayo! Tang ina sa buong pamilya mo! #UPLB
ManilaDirtiest,Putang ina mo stephen! #UPLB
cluelesster,"Labas niyo na lahat yan ngayong gabi tapos bukas ibang issue naman please. Paikit-ikot nalang mga ""argument"" eh. Kaumay.
#Duterte x #UPLB"
russelsantos,@theVERmarcelo @uplbperspective gago sobrang #UPLB netong si Du|30
JAstbeyourself,"Sa mga nagmamaasim read this. #UPLB Stephen Villena.
https://t.co/qzOxhZfAdW"
myleessss,"""Hasty generalization is a fallacy by reaching an inductive generalization based on insufficient evidence"" <ed><U+00A0><U+00BD><ed><U+00B1><U+008A>
#uplb"
MoxieLi,@Pulitika2010 @JojoMalig @legallytanned agree! And by questioning #Duterte's actions at #UPLB i get rape threats https://t.co/kFGEOC4t7M
RadGKNTL,"#Duterte vs ""UPLB-Man"".

Una sa lahat, utoy, the word should be ""compromised"", not ""compensate"". 

#UPLB ako... https://t.co/GSuSWddHmX"
missjover,Duterte trolls be like #UPLB https://t.co/KVnL9xMTXC
alfrederick_,"Also, the summary executions being linked to Duterte are YET TO BE PROVEN. #UPLB"
alfrederick_,Isa pa just because Duterte curses bastos na di na dapat respetuhin? Odin's beard! What kind of stupidity is this? #UPLB
Tikoymanstur,When you try to speak up what is on your mind... somehow it is being misundertood.. na pabalang. Siguro we should contextualize... #UPLB
alfrederick_,He was baiting Duterte in answering that he will compromise education 4 defense or peace &amp; order. A bad move since Mayor is a lawyer. #UPLB
iamjmchris,Ang Sarap Kumain nang Popcorn Habang Nag Babasa nang Mga Comments About sa Bagong Issue ngayun #UPLB <ed><U+00A0><U+00BD><ed><U+00B8><U+0082>
alfrederick_,May kabastusan man pero may dahilan. The one with Duterte is a different story. The kid was baiting Duterte... #UPLB
alfrederick_,Take for example the question: 'Galit kayo sa gobyerno? Di ba part kayo ng gobyerno?' Another: 'Ba't nag-VP pa kayo?' #UPLB
wilsontheworld,Tama si Mayor digong. tutal bobo mga student ng UPLB at di naintindihan ung paliwanag ni mayor. Bomba na lng para mura.. #UPLB #BOBOKAYOUPLB
Tikoymanstur,@veancalp pero mga dekada 70 at 80. Nagkakawalaan na lang mga isko at iska. #uplb #tunaypalabanmakabayan
EstudyanteBet,.ayan ang napapala ng mga taong sobrang talino. ikaw nalang sana tumakbong president. may ebidensya pang makaRoxas ka :D #UPLB UPLB
HeyThisIsGerard,"If you're gonna vote for #Duterte because you hate crime, then what are you committing just now? 
#UPLB"
SisDizon,"respect
#UPLB"
coaliemacggean,Bilib ako sa mga taga UP dati.. Ngayon parang bumaba tingin ko. #UPLB
itscarolinejoy,"Eh di ba nga, respect the old ones? Kung hindi ka nirerespeto nung matanda, intindihin nalang siguro. They've had enough. Duh #UPLB"
rochsaavedra,pisti man ning Arrogant man of #UPLB uy
wilsontheworld,@donfloare bobo mga student ng UPLB mga hambog bastos pa di marunong mkaintindi. tanga pa..public school lng naman. #UPLB #UPLBStudentTanga
ThaleaGadin,"Matanong ko lang, kung respect nalang ang pag-uusapan, bakit respectful ba si Duterte? Respect begers respect #UPLB"
castrojade,it's offical: UP los ba�os is the most important school in the philippines right now. congrats to everyone there. #uplb
missjover,@totoheart and this is what really happened @jerichorayel #UPLB https://t.co/YToQW04NtW
wilsontheworld,Panu na yan UPLB? ganon na lang? panget pala sa school nyo ganyan nagiging ugali ng mga estudyante nyo.. mga hambog #UPLB #bastos
BeaLero,"So ayun na nga. Confirmed, Obama really wants to support digong. #DuterteForPresident #UPLB"
missjover,@wawam nambubully yung mga supporters niya sa nagtanong na student sa kanya. May deathreats ng natatanggap ang bata. #UPLB
PlarleneJ,Bastos ako kaya taga-UP ako o taga-UP ako kaya bastos ako? Charot sorry Claudine #DuterteVisitsUPLB  #UPLB #StopBullyingTheKid
missjover,@jayrcastillo24 the student was just being frank kasi nagmamadali na sya pag uwi. Wala nga syang sagot na matino e #UPLB
Jorey1288,"Obviously, that kid frm UPLB lacks respect. But please stop cyber bullying. Para ka na rin bumaba sa level ng ginawa niya if u do. #UPLB"
khaaaaaat,#uplb #du30
fatgirl0893,"Sino ang kakampihan mo: Yung student na Stephen Villega or si Mayor Duterte?
#UPLB #DUTERTE #STEPHENVILLEGA"
bedaisyrie,ISANG STUDYANTE lang naman ang nagkamali eh. HINDI BUONG #UPLB. Nako naman. <ed><U+00A0><U+00BD><ed><U+00B8><U+0082>
papskelstik,Palibhasa yung utak niyo hindi pang UP. Ang baba ng standards mag aral muna kayo ng logic #UPLB #DontUPLB
needbreaktime,@UPLBConyos RIP #UPLB
mysurnameisALI,HAHAHAHAHA! #ProudToBeBastos #dontUPLB #UPLB  https://t.co/e5AcYZQeAT
pseudomariel,"I'm not saying na tama yung ginawa nya pero kung ako to, malamang ganun din ang sinabi ko. #UPLB https://t.co/ltO7Of6Rq7"
bernarreza,Minsan kase HINDI ka na MATAPANG dahil sa mga sinasabi mo muka ka ng WALANG PINAG-ARALAN.. #UPLB #UP #Du30... https://t.co/CTs1T2yRLM
lotteroxas,#UPLB  guy..unta gahuna-huna kag tarong sa imung pangutana. Dili na basta2x na tao imu kaisturya.
rnurdockk,nobody aint saying all #UPLB students are rude af why u gotta be so defensive and proud
rnurdockk,"#UPLB students be like ""proud UPLB student here"" like bitch we don't give a fuck? you being a #UPLB student got nothing to do with the issue"
rnurdockk,holy shit? we all are talking about how disrespectful the #UPLB student was. people aint bitching about his question
jtaggueg,nakahubad si Oble anong ineexpect nila #UPLB
Aschabiebs,"Sa sobrang talino ni kuya, nagiging bobo na yung ugali. #UPLB"
leahcru,"It's ironic that some ""scholars ng bayan"" are rude and want to bring down the only non-corrupt candidate who only wants to help them. #UPLB"
Pelepmonn,"Funniest thing i've seen all day, hahahah
#UPLB https://t.co/WkH41JBAM0"
abbymaybasa,"BIDA KID !! pweh

#StephenVillena
#UPLB https://t.co/F0ACcyf7Vx"
engineeredgar,"@quteco basta ako, i'll just do what i want to do. 

To fulfill what i promised her. #IhugotAngInis #UPLB xD"
ryanoliver25,"Dutertards: SWAG
UP students: TCWAG! <ed><U+00A0><U+00BD><ed><U+00B2><U+00AF> 

#uplb #UPFight #isko #GoAcads"
chapatricha,#DapatTama wag igeneralized ang isang grupo #UPLB
UAAPrltg,I cant hahahaha #uplb https://t.co/IiZZ2qNm7Y
savvynanivas,Ang totoo po neto. #UPLB https://t.co/4jp6vdfU71
pg_torion,"He's maybe disrectpectful with his tone but he just wanted for a direct answer...
#UPLB student"
pg_torion,It's not wrong to ask for a straight answer! pls stop bashing the #UPLB student...
rhanzruns,"""Sagutin niyo nalang po nang diretso yung tanong ko para makauwi na kayo"" lol wow. #uplb #duterte"
UAAPrltg,Yun ay nagpapatunay na hindi ignorante ang mga taga UP <U+2764><U+FE0F> #uplb
Kirbsuu,"Bastos na nga yung pagkasabi ni Kuya Isko ee 

Eh ung pagatake  nio at pambabash kay Kuya may pinagkaiba ba ? HMMM?

#UPLB"
MartyMagno,#UPLB https://t.co/aiM6GwvcYs
nhetmalaluan,"Hey Isko, let us not defend or justify. It is his choice and it was an unfortunate circumstance. The real battle is on May. #UPLB"
Kirbsuu,"Taray trending ang school ko ;)

#UPLB"
papskelstik,Online petition for expulsion? Oh! Thats pathetic. <ed><U+00A0><U+00BD><ed><U+00B6><U+0095><ed><U+00A0><U+00BD><ed><U+00B6><U+0095><ed><U+00A0><U+00BD><ed><U+00B6><U+0095><ed><U+00A0><U+00BD><ed><U+00B6><U+0095> #UPLB
J0PA0,I'd rather be rude than ignorant! #uplb
allenponsiii,I feel sorry for that student. Facebook and Twitter is literally ruining his life right now #UPLB
ian_galsim,I think UPLB should do a disciplinary action re their student. #Duterte #UPLB
xianacatu,Bastos? Walang galang? Wag kayong hypocrites. It just so happened na sa presidential candidate siya gumanon. Luh. Gagaling. #UPLB
ErwinLlanto27,Sayang ka Stephen Villena ang Pogi mo pa naman!!!! #LoL #UPLB #DU30 #Respect
SheenaJoaquin,"pustahan tayo magkakaron na naman ng mga ""AN OPEN LETTER TO"" dahil jan sa #UPLB student issue <ed><U+00A0><U+00BD><ed><U+00B8><U+0082><ed><U+00A0><U+00BD><ed><U+00B8><U+0082><ed><U+00A0><U+00BD><ed><U+00B8><U+0082>"
jhubielyng,lol at the people demanding for respect when they themselves aren't; talk about irony and hypocrisy #uplb
pjsiasat,"Cut him some slack for God's Sake. Stop cyber-bullying the kid. Duterte handled it calmly, why can't you? #UPLB"
Lenard2404,Nagtrending #UPLB dahil dun sa lalaki HAHAHAHHA
direkJohndr,Wala akong maisip na worst adjective sa taong ito na taga #UPLB pa man din. Don't us! <ed><U+00AE><U+00B8><ed><U+00BC><U+00B4><ed><U+00AE><U+00B9><ed><U+00B3><U+00B5> https://t.co/JdCR9l8QJK
hyacinth_aubrey,"Aanhin ang katalinohan kung arogante, bastos at mayabang. Buti pa si Carrot Man kahit High School lang pero wagas naman kung gumalang. #UPLB"
itoced,Many are educated but few are well mannered. #UPLB
hyacinth_aubrey,Ganito kaming mga supporters ni Duterte kasi dito sa Mindanao nirerespeto at mahal yan si Mayor tapos ginaganyan ganyan lng ninyo? #UPLB
IamKarlalicious,UPLB Man? <ed><U+00A0><U+00BD><ed><U+00B8><U+0082> Pang-tapat daw kay Carrot Man? Eh kung tutuusin mas okay pa si Carrot Man kesa kay UPLB Man. <ed><U+00A0><U+00BD><ed><U+00B8><U+009C> #UPLB #StephenVillena
yzagurl,Watching #duterte2016's interview at #UPLB. <ed><U+00A0><U+00BE><ed><U+00B4><U+0094>
Tang_law,Duterte visited #UPLB. The most talked about Q&amp;A is in this video. https://t.co/zU8a3kA3mJﾅ via @youtube
AcoboShirley,"Aanhin ang katalinohan kung arogante,Bastos at mayabang...
Mas gusto ko pa si CarotMan hyskul lang alam pero Wagas kung gumalang...
#UPLB"
AsiongLhie,https://t.co/VGecftlnKZ may tukmol na isa pala sa #UPLB
chikoi,"masyadong nagmamagaling wala naman sense yung tanon #stephenvillena 
#uplb
#du30"
PandaaaFriend,@PandaaaFriend #UPLB
PandaaaFriend,@PandaaaFriend #UPLB
DamaDamn,"Respect is a two-way street, if you want to get it, you've got to give it. 

#UPLB"
iambeloy13,Puro kyo talino mga hambog!pakilam ko sa talino nyo!DUTERTE pdn ako.. #UPLB
walidrascal,"Iba yong nagtatanong na naghahanap ng tamang sagot kaysa sa nagtatanong na gusto lang matawag n matalino, so anu? 
#DuterteVisitsUPLB #UPLB"
walidrascal,"#Respect for ourselves guides our #morals, respect for others guides our #manners. UPLB #UPLB #DuterteVisitsUPLB #Duterte2016 #DU30"
Tang_law,"It's not proper to judge the whole #UPLB community kaya lang ika nga ""Ang sakit ng kalingkingan, dama ng buong katawan."""
raffyrap09,arrgh! damot kc ng twitter sa characters. nakakabadtrip. #UPLB
djbrbls,"All these #UPLB talks and all I can hear is ""e-doo-kay-shun"". Nyare po? Kaya talaga dapat mas malaki budget dun kuya."
JulieBron6,@VillenaStephen kung si roxas pa ang ginanon mo baka sa magandang paraan ka sumikat.kaso si duterte yun eh..yan tuloy..hahaha #UPLB
yancyvance,"Oh! Found the word I was looking for. Yeah, it should not have been ""COMPENSATE"", but rather ""COMPROMISE"". kaya pala iba pakinggan. #UPLB"
fremsite,@MoxieLi it seems like u really dont know Mayor Duterte VERY WELL.. google ka nalang.. #UPLB
JennenLlena,"UPLB Oblation

#UPLB #Oblation 
Los Banos, Laguna
March 2016 @ UPLB Oblation Park https://t.co/8qKdXxFhys"
papskelstik,School ng matatalino yan wala tayong magagawa. I owe you alot men! #UPLB
realgracegarcia,"Napanood ko nga yan kanina...bastos sya parang hindi naturuan ng mabuting asal.
Magkano laya bayad sa kanya para ipahiya si Duterte? #UPLB"
fremsite,@MoxieLi may kaso ba sya nun? wala naman..<ed><U+00A0><U+00BD><ed><U+00B8><U+0082> ngaun magsasampa ng ganun haha sobrang obvious ng LP<ed><U+00A0><U+00BD><ed><U+00B8><U+0082> #UPLB
papskelstik,You have the right men and I owe you alot! #UPLB
karlaobispo,"As a UP Alumna, I feel disrespected whenever they say that the whole UP community is rude. #UPLB #DuterteVisitsUPLB  https://t.co/9L4NYG6Oqs"
tatsmaniaa,Patapusin mo kase magsalita si Digong. Ikaw nga pinapatapos nya eh. Atat ata si kuyang makauwi<ed><U+00A0><U+00BD><ed><U+00B8><U+0082> #UPLB
MoxieLi,@fremsite if a leader's record includes extrajudicial killings then yes that record is sullied through and through #UPLB #Duterte
fremsite,@MoxieLi @gmanews sa dami nyang nagawang maganda sa Davao.. at walang bahid ng corruption? sino kayo para umarte ng ganyan<ed><U+00A0><U+00BD><ed><U+00B8><U+0082><ed><U+00A0><U+00BD><ed><U+00B8><U+0082><ed><U+00A0><U+00BD><ed><U+00B8><U+0082> #UPLB
ohannaaamarie,That disrespectful UPLB student is a shit for brains. He deserves a title of being an asshole of the year. <ed><U+00A0><U+00BD><ed><U+00B8><U+0082><ed><U+00A0><U+00BD><ed><U+00B8><U+0082> #UPLB
anjangers,"That #UPLB student, oo matalino ka pero wag puro satsat. Outspoken ka siguro pero ilugar mo naman. Kinig kinig din hayst"
anjangers,I know you don't like #duterte but can you please respect and let him finish first. How arrogant ugh. #UPLB
fremsite,@piaranada ay DAKILANG TANGA! #DuterteVisitsUPLB #UPLB
fremsite,@MoxieLi @gmanews wala sa haba ng sagot yan.. Mayor walks his talks.. at un ang wala sa ibang candidates.. #DuterteVisitsUPLB #UPLB
fremsite,@JetMonticello pinapaliwanag nga ng dahan dahan kaso mga nagmamadali ang mga bastos n studyanteng nagtatanong..#UPLB
ChimchimWife,Just thought I should share this. #UPLB https://t.co/g6mhE7Nnkh
WinnyMayyy,Trending si koya sa pambabastos kay Mayor Duterte. Tsk tsk. #UPLB
janyxregalo,"Nasan ang pambabastos sa paghingi ng klarong sagot? Sanay kasi kayo sa bolohan eh. 'Pag plataporma na, nagkakalabuan na. #UPLB #PiliPinas"
evilyesha,"Honor and excellence.
#iskolarngbayan #UPLB"
faitth14,"Natapos nalang ang forum, di padin makamove on ang mga tao. <ed><U+00A0><U+00BD><ed><U+00B8><U+00A1><ed><U+00A0><U+00BD><ed><U+00B8><U+00A1><ed><U+00A0><U+00BD><ed><U+00B8><U+00A1> #UPLB  #DuterteVisitsUPLB #PHVoteDuterte"
FrancisGregori,#UPLB https://t.co/BpkhIxAK0b
jaykaytiel,.@kurarisa22 @hugggabble Some people are all too willing to overlook an offense to a person as long as it isn't to their own. #UPLB
MyRhielStory0_0,"To that UP student, Please do more research and don't make yourself look high and mighty when in reality you seem foolish &amp; arrogant. #UPLB"
Aimazing05,"Silly question, silly student <ed><U+00A0><U+00BD><ed><U+00B8><U+0082> #feelingmatalino #UPLB https://t.co/ULHKHM4toa"
SeventhSeraph,"Late upload. Breakfast! <ed><U+00A0><U+00BC><ed><U+00BD><U+00B4>

#UPLB
#FoodPorn 
#Lugaw @ Henyo's Lugaw Royal https://t.co/dtv76lMp4R"
throjethrojet,Bakit parang ang bastos noong taga-UPLB? Bakit hindi niya pinapatapos magsalita si Duterte? Bakit parang ang angas niya at arogante? #UPLB
SeventhSeraph,"MS MBB minors in Biochemistry and Food Preparation (Cooking). <ed><U+00A0><U+00BC><ed><U+00BD><U+00B4>

#UPLB
#LowerACCI 
#DormLife @ﾅ https://t.co/ULhUklGofc"
hyacinth_aubrey,#UPLB #DuterteVisitsUPLB https://t.co/PtEo89QOBe
jomlabayen,Bilib ako dun sa batang #UPLB na derecho magsalita.
droowee,"Ano ba pinaglalaban nitong estudyante ng #UPLB?? Sinabi nga na biggest budget will go to education, ano hindi mo naintindihan dun indio ka."
_ivannnnn,UPLB looks so much better during mornings. #uplb #vsco #vscocam #vscophile #vscoph @ Universityﾅ https://t.co/LjzHWVF5oo
justmark8,I think fellow #Digong supporters should not bash the personality of that rude student in #UPLB. It's enough to criticize his act...
DeguzmanNini,Sino b tong bastos na student from #uplb sinisira mo pangalan at karangalan ng up
dri_go1003,"May karamay ka sa pagbangga raw kay Duterte. <ed><U+00A0><U+00BD><ed><U+00B8><U+0082>
#JPdelasNievas #ronaldgemcelestial #uplb #Rappler https://t.co/iacRnsGUeD"
Surrearlism,"At rest.

#nature #uplb #sky @ Freedom Park https://t.co/K3nXn4u745"
gransebryan,"Kaila mo anang ""Stephen Villena""..mura jd ug smart..nga Globe rmn untah...

#UPLB ﾗ feeling angry"
ferthjunallen,Now show me anyone that lauded one #UPLB student's arrogance. Parents probably disowned the kid for not learning so much at school.
JFuentes13,Eto ang direchong sagot ni Mayor Rody Duterte sa pambabastos ng isang #UPLB Student https://t.co/Qi6zfffGiP
_ivannnnn,I know it's old but it's still magnificent. <ed><U+00A0><U+00BD><ed><U+00B8><U+008C> #uplb #vsco #vscoph #vscocam #vscophile @ UPLB Campus https://t.co/B8HyiJdaBU
realree888,Trending ka boy pero di sa dunong kundi sa pagiging #arogante #walangmodo #uplb #DuterteVisitsUPLB #Duterte2016 https://t.co/MaDNdnm6xM
pinaythinks,Intellectual arrogance. This guy. #duterte #valuesiseverything #uplb  https://t.co/yB5H1u5NH8
NheneRosalie,#UPLB https://t.co/wMI2gGj0vS
hyacinth_aubrey,#UPLB #DuterteVisitsUPLB https://t.co/ClR3C9GZXj
hyacinth_aubrey,#UPLB scholar pa namang naturingan! #DuterteVisitsUPLB #duterte2016 #PHVoteDuterte https://t.co/BReRx9YBaH
bbbalaba,My goodness!! A #UPLB STUDENT HAVING NO GMRC AT ALL???UNBELIEVABLE!! #ASALKANTOLANGBOY ????IKAW NA ISKOLAR!!!
JRDACLAG,&gt;&gt;&gt;buong Q&amp;A with Mayor #Duterte At #UPLB 3/11/16. baka bukas iba na naman ang version ng #ABiaS-CBN at #GMA kasi... https://t.co/EUKNtSdmsz
JRDACLAG,&gt;&gt;&gt;is this the product of #UPLB? Minsan ang sobrang talino ay nagmumukhang bastos at arrogant..Diba dapat pag... https://t.co/DdnDH169dy
dorsapolinario,The famous Fertility Tree haha #uplb #jogging @ University of the Philippines Los Ba�os https://t.co/wPx5rRNFVy
SeventhSeraph,"Achievement unlocked! <ed><U+00A0><U+00BC><ed><U+00BE><U+0089><ed><U+00A0><U+00BC><ed><U+00BE><U+008A><ed><U+00A0><U+00BD><ed><U+00B7><U+00BB>

#UPLB
#SquadGoals 
#MtMakilingPeak2 
#Hiking @ Mt. Makiling, Losﾅ https://t.co/JiywK178AG"
mysoredicky1,Daming puge sa #uplb grounds kanina! Halatang mga bex eh kaiikli ng short at ang mga tingin eh nangangain harharhar
aymjcastillo,"#UPLB student are intelligent but RUDE, not all of them. Shame on you, especially to a guy in white."
lexiandra_,"Floor shot, again <ed><U+00A0><U+00BD><ed><U+00B8><U+0082> #UPLB #Laguna2K16 https://t.co/Z3ANMMijUN"
JoPj12,"Thank you #UPLB
#PhVoteDuterteCayetano https://t.co/z7BafLqbZB"
_ivannnnn,Mas nakilala namin ang isa't isa. Haha <ed><U+00A0><U+00BD><ed><U+00B8><U+0082><ed><U+00A0><U+00BD><ed><U+00B2><U+009E> #teambuilding #sjdc #uplbsjdc #uplb @ University ofﾅ https://t.co/hrNFPgHma6
DEOtoots,Hi oble... #research #UPLB https://t.co/zGIaB7XzlS
ariiiaj,"""Gano kalakas ang utot mo?""
""Kasing lakas ng wangwang kapag 12nn.""

#UPLB hahhahahahaha"
_ivannnnn,<ed><U+00A0><U+00BD><ed><U+00B1><U+00AF><ed><U+00A0><U+00BD><ed><U+00B1><U+00AF> #ego2 #sjdc #uplbsjdcbeaux #beaux #uplb @ Smart Araneta Coliseum https://t.co/eTleTgKszR
CalumsGirl_07,@gabbyyalcala thank you boy :) #uplb https://t.co/2ar2Fxo5oX
thegenesisms,"Tatlong taon.
#TBT #AngMagandangRosas 
#DramaForChildren #UPLB #CommArts https://t.co/3ToHvLv3Up"
mpyendor,"Wow! Eto na yata ang pinakamahabang pila papasok ng DL Umali Hall!

#UPLB
#DUTERTE https://t.co/8fFXA4xSW8"
SeventhSeraph,"Earlier this evening. <ed><U+00A0><U+00BD><ed><U+00B0><U+0099><ed><U+00A0><U+00BC><ed><U+00BD><U+00B4>Iba sila oh! <ed><U+00A0><U+00BD><ed><U+00B8><U+0082><ed><U+00A0><U+00BD><ed><U+00B8><U+0082><ed><U+00A0><U+00BD><ed><U+00B8><U+0082> Thanks @ricamorie <ed><U+00A0><U+00BD><ed><U+00B8><U+0087>

#UPLB
#eMBeBehﾅ https://t.co/PO8RXzTzaR"
StevenCabalo,Earlier: Duterte's chopper (the blue one) in #UPLB (@ UPLB Freedom Park) https://t.co/SFzZSvaRQ2 https://t.co/YbQ2rUZnLB
kylemcruz,"#Light and #shadow, and #trees #nature #photography #mobilephotography #UPLB @ University of theﾅ https://t.co/HNbkitZwpW"
oolalai,#UPLB ! FREE Investment Literacy Seminar on March 14 oh! Don't miss this! https://t.co/odLu3uEyJh
palquintos,@MaCabreOnline #Uplb loves Duterte. #DuterteVisitsUPLB
cienfrancisco,"#Du30 #UPLB Nako, tinext na ko ni Digong. Hahahaha https://t.co/094m5DpxgJ"
UPLBOfficial,#UPLB socsci chair Dwight David Diestro says that the forum is truento UP's tradition of critical thinking &amp; activism vis-a-vis nat'l issues
RRD_Philippines,"""@UPLBOfficial: Line 1 of 2 of #UPLB students waiting to ask questions. #DuterteVisitsUPLB https://t.co/jY9rg9HjWL"""
themarcoharder,#UPLB went easy on Duterte.
UPLBOfficial,Line 1 of 2 of #UPLB students waiting to ask questions. #DuterteVisitsUPLB https://t.co/taIgHGjE1L
kylemcruz,#Duterte finished speaking at #UPLB #elections #philippines 2016 #helicopter style @ Universityﾅ https://t.co/JgLDGxTk7E
chie_koelemento,#Uplb #Cpark https://t.co/ndi8xWdinP
UPLBOfficial,#UPLB PolSci Zoilo Belano introduced Mayor Rodrigo Duterte #DuterteVisitsUPLB
UPLBOfficial,#UPLB GS Dean Jose Camacho Jr. introduced UP sa Halalan 2016 #DuterteVisitsUPLB
yssangkatha,"Nakakamiss din yung look ng #UPLB.

Now on livestream. *sips coffee*"
DorisBigornia,Duterte-Cayetano with farmers #rondaserye #UPLB https://t.co/DE0z9pmBmE
caioman,Did I miss Merry Miriam coming to town? #UPLB #CampaignSortiesDisguisedAsForums
caioman,"First was Berry Binay, then Bonggang Bonggang BongBong, now it's Rowdy Rowdy Rody... #UPLB #CampaignSortiesDisguisedAsForums"
uplbovcca,JUST IN: Courtesy call of Mayor @RRD_Davao  and Sen. @alanpcayetano to the #UPLB Office of the Chancellor https://t.co/RMKbaXotkN
MikeofNewYORK,@RodyDuterte at #UPLB forum in Laguna student forum https://t.co/5lQNDXrbQl
themarcoharder,"Don't let me down, #UPLB."
renzsucaldito,"Beat the summer heat <ed><U+00A0><U+00BD><ed><U+00B1><U+0093><ed><U+00A0><U+00BC><ed><U+00BC><U+009E>

#uplb #campusphotowalk #photowalk #agronomy @ Agronomy Building https://t.co/KjNsS1C1ei"
UPsaHalalan,Follow @UPLBOfficial  for tweets and updates on @RRD_Davao's visit to #UPLB. #DuterteVisitsUPLB  https://t.co/Lf1x8efUSy
atemiles,ATM Duterte is here... #uplb
itsbeben11,Me and my friends when there's an Open Tambayan in #UPLB <ed><U+00A0><U+00BD><ed><U+00B8><U+0082> https://t.co/kZ5BguEtPH
inakorsss,Soundcheck na sa dl umali haha #uplb #teamlivestream
KimmyBaraoidan,"For those who can't attend later, live stream at https://t.co/HlU4anESHc #Duterte2016 #Duterte #UPLB #LB #elbi https://t.co/OfwjPLRdwr"
marna_darna,"FRA ba kamo?
#fra #uplb https://t.co/n5543Ks5z6"
devcom,"[#seminar] DDJ seminar series features data journ, 
https://t.co/Et27q8vMCv #devcom #journalism #UPLB"
AngkelRodyD30,"UPLB tayo mamaya! Meet tayo

#UPLB #duterte #DUTERTE2016"
_ivannnnn,<ed><U+00A0><U+00BD><ed><U+00B2><U+0090><ed><U+00A0><U+00BC><ed><U+00BD><U+0083><ed><U+00A0><U+00BC><ed><U+00BF><U+00A4> #physci #uplb @ University of the Philippines Los Ba�os https://t.co/NV9DGc4Mbw
liquidlog1c,So I learned that for a grade of uno you only need a 92 in UPD and 97 here in UPLB. LB WHAT R U DOING. STAHP. IT HURTS. #uplb #upd #oneup
mpyendor,"#DUTERTE
#UPLB https://t.co/tczCPiSY0w"
olivaralph,Congrats sa coro!!! #dulaanglab #uplb https://t.co/b65FfTtpxQ
vpsison,"@jbmamplata On a serious note, a COSET in UPLB may be good: College of Science, Engineering and Technology.

#COSET #UPLB"
itsjohnvincent,Strut! #WyreUnderground #UPLB #ThrowbackThursday https://t.co/tfdpCndBCB
TheAltPH,Happening tonight! #standupcomedy #standupcomedians #ComedyManila #UPLB #elbi #LB #Pinoycomedy https://t.co/HFgZ1x8su8
melvinacio,"Our pre-exam ""nakapagreview ka na ba?"" face. 
#isko #UPLB #universitylife @ University of theﾅ https://t.co/h7o8HsTVZ6"
UPLBOfficial,"#UPLB, NU open NU Satellite Campus and hold intﾒl symposium on the internationalization of graduate education... https://t.co/MGWIH5lyAb"
UPLBOfficial,"#UPLB, NU open NU Satellite Campus...https://t.co/ekd6qgiVI2 https://t.co/Z5Tg5jg3sF"
UPLBOfficial,"Milka Krem, the soon-to-open dairy center in #UPLB https://t.co/qbQmGZJy43"
TheAltPH,Catch #JamesCaraan on Thu Mar 10 at #UPLB &amp; other #ComedyManila #standupcomedians. https://t.co/Oa1mZ6Ii3b https://t.co/Yx1X47J2W1
jinmeowriano,"so ayun nga <ed><U+00A0><U+00BD><ed><U+00B2><U+0081> ang daming pogi sa UP <ed><U+00A0><U+00BD><ed><U+00B8><U+00B1><ed><U+00A0><U+00BD><ed><U+00B8><U+00B1><ed><U+00A0><U+00BD><ed><U+00B8><U+0082> hahaha
#UPLB"
TheAltPH,Catch #GBLabrador on Thu Mar 10 at #UPLB &amp; other #ComedyManila #standupcomedians. https://t.co/Oa1mZ6qHbD https://t.co/UTO4pg08WC
JRMHSTT,First stop - Senate of the PHL. #PublicPolicyTrip #UPLB https://t.co/lhy8NIDY6z
ceatuplb,"Retweeted UP Los Ba�os (@UPLBOfficial):

#UPLB sa Halalan 2016 https://t.co/khFcBJupqW https://t.co/PDmnrynGGp"
devcom,The UP Brandbook https://t.co/QW0XnSMI9c @upsystem  @UPLBOfficial #brandbook #OneUP #UPLB #devcom
liquidlog1c,Bakit ba walang music courses offered ang #UPLB???
TheAltPH,Catch #NonongBallinan on Thu Mar 10 at #UPLB &amp; other #ComedyManila #standupcomedians. https://t.co/Oa1mZ6Ii3b https://t.co/pvHDGV02cT
UPLBOfficial,ILC holds training-workshop for new #UPLB faculty members https://t.co/gdosqcyO6V https://t.co/3bOlv4pTjL
UPLBOfficial,ILC holds training-workshop for new #UPLB faculty members... https://t.co/16vf7XZaOF
UPLBOfficial,#UPLB Chancellor Sanchez is the first plenary speaker.
UPLBOfficial,Pres. Pascual keynote address delivered by VP Amante: #UPLB has become a national and international hub for graduate education.
UPLBOfficial,"#UPLB Chancellor Sanchez: Through educational and cultural exchange, UPLB students will grow and realize the importance of diversity."
UPLBOfficial,Dr. Kawatika: #UPLB has many expertise in various fields of Bioscience. https://t.co/YFPVv6ukmy
devcom,"[#Paper] Devcom Los Ba�os Style, https://t.co/wqrRE7UPux #devcom #uplb #NCQ #IWD2016"
UPLBOfficial,#UPLB sa Halalan 2016 https://t.co/DVtNV5OhsO
UPLBOfficial,#UPLB sa Halalan 2016 https://t.co/JU27yYD5AG
UPLBOfficial,"The courtesy visit of Kyoto University Officials to the Office of the Chancellor, #UPLB. Kyoto University and the... https://t.co/l5Lv2CM5Af"
SeventhSeraph,"Kabahan ka na, #MarlouArizala <ed><U+00A0><U+00BD><ed><U+00B8><U+0082><ed><U+00A0><U+00BD><ed><U+00B8><U+0082><ed><U+00A0><U+00BD><ed><U+00B8><U+0082>

#UPLB
#LowerACCI 
#Pinipig
#eMBeBeh @ ACCI Dormitory https://t.co/r84kqWRY0W"
UPLBOfficial,#UPLB CFNR participates in the Asia-Pacific Forestry Week 2016 https://t.co/TKlP4QMplW https://t.co/wD9gVvRG5J
UPLBOfficial,#UPLB CFNR participates in the Asia-Pacific Forestry Week 2016... https://t.co/S7u1kPfSJQ
UPLBOfficial,#UPLB CFNR professors attend RTD on collaborative intﾒl graduate program offering https://t.co/Asx1Tg5y95 https://t.co/gF8KHadwQK
UPLBOfficial,#UPLB CFNR professors attend RTD on collaborative intﾒl graduate program offering... https://t.co/JlLxgqJGxi
QuinCherryl,Beautiful day at UP. #uplb https://t.co/IirtpOjalY
UPLBResearch,Happy International Women's Day #UPLB! Check out these activities from the  @UPLBGenderCtr @UPLBOfficial @upsystem https://t.co/7HMlhlEKJu
UPLBResearch,Sharing some photos of the registration agreement signing ceremony which took place at the #UPLB CTTE conference... https://t.co/jkrv4cOoxE
TheAltPH,Catch #AlexCalleja this coming Thu Mar 10 at #UPLB &amp; other #ComedyManila #standupcomedians. https://t.co/Oa1mZ6Ii3b https://t.co/hfVRRzTSXX
PatchDhiren,"CAS HH 

#Awake #YFC #UPLB #CASHH https://t.co/kdwKh1hkYr"
adrianetobias,Carrillion Tower. 03/05/2016 #UPLB #Elbi #ElbiNights https://t.co/qLgoGFH8HM
adrianetobias,30 sec. f/7.1 24mm ISO 250. 05/03/2016 #UPLB #Carillion #ElbiNights https://t.co/q51mwDEljH
TheAltPH,"Catch #RedOllero this coming Thu Mar 10 at #UPLB, and other #ComedyManila #standupcomedians. https://t.co/Oa1mZ6Ii3b https://t.co/5dxix6pFao"
tonyocruz,"Bonded with cool, funny #sociosoc members. #uplb"
vampvikinggirl,After 5 years! #collegefriends #uplb #friends #mayforever #reunion @ Starbucks Philippines https://t.co/ZSbJFVwpMV
devcom,"[#Publication] Scientistsﾒ use of social media: The case of researchers at UPLB, https://t.co/RrKg0r3bhZ #devcom #research #uplb"
janessabinoya__,Hanapin si Oble. #uplb #elbi #oblation #oble #opark @ UPLB Oblation Park https://t.co/ZkBAAIsUiT
kattauza,ATM. Dev Comm Tour #Roadtrip #TeamTulogSaBus #UPLB #Tagaytay
dokidokimaru23,fertility tree #UPLB https://t.co/SKINhuGYbK
SeventhSeraph,"Igado and Mechado!!! Thanks Mom!  <ed><U+00A0><U+00BD><ed><U+00B8><U+0084><ed><U+00A0><U+00BC><ed><U+00BD><U+00B4>

#UPLB
#LowerACCI 
#DormLife
#FoodTrip 
#FoodPorn @ ACCIﾅ https://t.co/Sz7xPmIWbk"
UPLBResearch,The new RDE Digest is finally out! It was released last Friday during the 107th #UPLB Foundation Day Celebration.... https://t.co/kyXU6YJCrn
uplbovcca,VC Jamias introduces keynote speaker at awarding ceremony for #UPLB's outstanding personnel https://t.co/DVBSUkKNw6 https://t.co/8Jj3gsg5CY
uplbovcca,"OHSSC Chair Garry Montemayor, #UPLB's OTA for SocSci, with VC Jamias and AVC Cuaresma https://t.co/DD02cZSP7s https://t.co/18zlYgpRsi"
JudeBacalso,"Caught myself saying ""la-ang"" instead of ""lang"".

Elbi, isdatchu calling? C"",)

#UPLB"
pinaymomspeaks,"Retweeted Kimmy Baraoidan (@KimmyBaraoidan):

The public is invited. #Duterte2016 #Duterte #UPLB #LB #elbi... https://t.co/LGJgxYmh6D"
KimmyBaraoidan,The public is invited. #Duterte2016 #Duterte #UPLB #LB #elbi https://t.co/TcCa7szzNz
MaybeRyanJoseph,"Oo na, sige na. Maganda ka na @UPLBOfficial #UPLB https://t.co/nKNPDAf948"
upphotos2003,<ed><U+00A0><U+00BD><ed><U+00B3><U+00B7> alwaysyouruniverse: Life is a blur. #panning #photography #UPLB #litshot #upphotos2003 https://t.co/Btc6DUwvL8
clintzoned,Nangati katawan ko kakahiga sa freedom park. :( #uplb
aljapar29,"Kubyertos! <ed><U+00A0><U+00BC><ed><U+00BD><U+00B4>
#AsusZen2graphy #SeeWhatOthersCantSee #UPLB #DonBenitosBarAndRestaurant #Igers https://t.co/SWcP87VBOc"
asDANIELfghjkl,"Life is a blur. 

#panning #photography #UPLB #litshot #upphotos2003 https://t.co/kCt9GYWn1n"
heeysaji,Interested in #kpop ? #kdramas ? #koreanculture ? And a student of #UPLB? Come &amp; join us! Be part of our family!<ed><U+00A0><U+00BD><ed><U+00B2><U+0095> https://t.co/01bq35w7Oy
MartinRomualdez,"Push pa natin ang #science para umabante tayo lalo! At #UPLB, to learn more about their #research. https://t.co/a7w6H5FmL6"
itsjohnvincent,Bomb diggity's about to drop. #ComeOnToMe #WyreUnderground #UPLB https://t.co/gmy0RQWsV8
