Nicolanjia,"RT @PUNYETALIFICENT: Burn, Binay, Burn! Literal #PiliPinasDebates2016"
vilymeeel_,RT @bernardokath: Goodluck kuya mar! <ed><U+00A0><U+00BD><ed><U+00B1><U+008D><ed><U+00A0><U+00BC><ed><U+00BF><U+00BB> #PiliPinasDebates2016 #MarWithAPlan https://t.co/IhwF9xMHU2
Pretty316Joy,"RT @AdvisableTweets: RETWEET if you agree!
My classmates be like:

#PiliPinasDebates2016 https://t.co/GPTiwignG0"
Pretty316Joy,"RT @AdvisableTweets: TOP 3 PRESIDENT NA DESERVE TUMAKBO
1. Santiago
2. Duterte
3. Poe

#PiliPinasDebates2016"
arponallan5,RT @BilangPilipino: Sino ang Presidente mo? Catch the 2nd #PiliPinasDebates2016 @TV5manila sa March 20 Sunday.#BilangPilipino #PiliPinas htﾅ
pinedaErika_lei,"RT @thereallmarian: MURANG PAUTANG? DAHIL MURA ANG PAUTANG, UTANG NA LANG NG UTANG. SO SA DULO. HUSTISYA!
#PiliPinasDebates2016"
News5E,RT @BilangPilipino: Sino ang Presidente mo? Catch the 2nd #PiliPinasDebates2016 @TV5manila sa March 20 Sunday.#BilangPilipino #PiliPinas htﾅ
Chrlsmxx,RT @Senyora: ITO NA TALAGA!!! 'Wag n'yo kalimutan bukas ang #PiliPinasDebates2016 live sa GMA! 5pm! Nag confirm sila lahat! https://t.co/HHﾅ
vilymeeel_,RT @imdanielpadilla: Good Luck Kuya MAR ! #MarwithaPlan #PiliPinasDebates2016
joice020,RT @imdanielpadilla: Good Luck Kuya MAR ! #MarwithaPlan #PiliPinasDebates2016
tard_kathniel,RT @BilangPilipino: Ano ang gusto mong itanong sa susunod na #PiliPinasDebates2016? Gamitin ang hashtag na #BilangPilipino! https://t.co/MXﾅ
xxxRosellxxx,RT @imdanielpadilla: Good Luck Kuya MAR ! #MarwithaPlan #PiliPinasDebates2016
oharrylicious,RT @imdanielpadilla: Good Luck Kuya MAR ! #MarwithaPlan #PiliPinasDebates2016
isshnielchandr,RT @imdanielpadilla: Good Luck Kuya MAR ! #MarwithaPlan #PiliPinasDebates2016
ValleCrishlyn,RT @imdanielpadilla: Good Luck Kuya MAR ! #MarwithaPlan #PiliPinasDebates2016
Omgitsczanelle,RT @imdanielpadilla: Good Luck Kuya MAR ! #MarwithaPlan #PiliPinasDebates2016
jeremae123456,RT @bernardokath: Goodluck kuya mar! <ed><U+00A0><U+00BD><ed><U+00B1><U+008D><ed><U+00A0><U+00BC><ed><U+00BF><U+00BB> #PiliPinasDebates2016 #MarWithAPlan https://t.co/IhwF9xMHU2
CLASSYgwenx,RT @bernardokath: Goodluck kuya mar! <ed><U+00A0><U+00BD><ed><U+00B1><U+008D><ed><U+00A0><U+00BC><ed><U+00BF><U+00BB> #PiliPinasDebates2016 #MarWithAPlan https://t.co/IhwF9xMHU2
jeremae123456,RT @imdanielpadilla: Good Luck Kuya MAR ! #MarwithaPlan #PiliPinasDebates2016
CLASSYgwenx,RT @imdanielpadilla: Good Luck Kuya MAR ! #MarwithaPlan #PiliPinasDebates2016
_jujubebe,Mark your calendars. The 2nd #PiliPinasDebates2016 will be on March 20 on TV5. #PiliPinas
amilatencio01,RT @BilangPilipino: Ano ang gusto mong itanong sa susunod na #PiliPinasDebates2016? Gamitin ang hashtag na #BilangPilipino! https://t.co/MXﾅ
macedakath,RT @kimpoyfeliciano: Si Binay puro Makati! Yan lang ba nagawa mo bilang Vice President? Sana nag Mayor ka nalang talaga! #PiliPinasDebates2ﾅ
RaysoLkings,RT @BilangPilipino: Ano ang gusto mong itanong sa susunod na #PiliPinasDebates2016? Gamitin ang hashtag na #BilangPilipino! https://t.co/MXﾅ
CasinoChristie,RT @BilangPilipino: Ano ang gusto mong itanong sa susunod na #PiliPinasDebates2016? Gamitin ang hashtag na #BilangPilipino! https://t.co/MXﾅ
